Date,Close,High,Low,Open,Volume,close_lag_1,close_lag_3,close_lag_5,close_lag_7,ma_7,ma_30,volatility_7,daily_return,day_of_week,target_return
2021-08-27,145.06515502929688,145.21158091727293,143.33725507209095,143.97178711441077,55802400,144.03038024902344,146.06088256835938,144.6649169921875,142.87844848632812,144.85875810895647,143.61695404052733,1.048299356260462,0.007184420248591561,4,0.030417303478808666
2021-08-30,149.47764587402344,149.83885461039787,145.07493307828,145.45565533870288,90956700,145.06515502929688,144.8308563232422,146.1487579345703,143.21035766601562,145.75408499581474,143.97109629313152,1.807356161528758,0.030417303478808666,0,-0.0084249278314672
2021-08-31,148.2183074951172,149.16523456794167,147.69114453920625,149.02856544896787,86453100,149.47764587402344,144.03038024902344,146.06088256835938,144.6649169921875,146.26171221051897,144.1630401611328,1.9442876000342066,-0.0084249278314672,1,0.0044787558931336235
2021-09-01,148.88214111328125,151.29338682527435,148.71618680019012,149.19453621732464,80313700,148.2183074951172,145.06515502929688,144.8308563232422,146.1487579345703,146.6521955217634,144.40148111979167,2.178228411704298,0.0044787558931336235,2,0.007474731324957906
2021-09-02,149.9949951171875,151.03954929712242,148.77472989529102,150.20976298790652,71115500,148.88214111328125,149.47764587402344,144.03038024902344,146.06088256835938,147.2142116001674,144.63152821858725,2.4860174879026595,0.007474731324957906,3,0.004230487833659868
2021-09-03,150.62954711914062,150.9516989362315,149.44832378980732,150.10238418360416,57808700,149.9949951171875,148.2183074951172,145.06515502929688,144.8308563232422,148.04259599958147,144.8255416870117,2.5252817347678276,0.004230487833659868,4,0.015489292680115119
2021-09-07,152.9626922607422,153.5191254698615,150.71740121777114,151.2836060822293,82278300,150.62954711914062,148.88214111328125,149.47764587402344,144.03038024902344,149.31864057268416,145.08335571289064,2.414322912742503,0.015489292680115119,1,-0.010083432065816744
2021-09-08,151.42030334472656,153.3043860941943,150.31717858511598,153.24581573453693,74420200,152.9626922607422,149.9949951171875,148.2183074951172,145.06515502929688,150.22651890345983,145.36188812255858,1.6087716047293774,-0.010083432065816744,2,-0.006704905264594108
2021-09-09,150.40504455566406,152.39651120399355,150.28788894400816,151.79126431107525,57305700,151.42030334472656,150.62954711914062,148.88214111328125,149.47764587402344,150.3590044294085,145.66473846435548,1.574646529080824,-0.006704905264594108,3,-0.033101939799806135
2021-09-10,145.4263458251953,151.78148246152148,145.16276433644302,151.3129047338198,140893200,150.40504455566406,152.9626922607422,149.9949951171875,148.2183074951172,149.96015276227678,145.78018697102866,2.3633320095399073,-0.033101939799806135,4,0.0038935389685983424
2021-09-13,145.99256896972656,147.818081410703,145.21159606216116,147.04688016056696,102404300,145.4263458251953,151.42030334472656,150.62954711914062,148.88214111328125,149.54735674176897,145.90736338297526,2.795795571854372,0.0038935389685983424,0,-0.009561999249772857
2021-09-14,144.59658813476562,147.47642687466802,143.4153793726529,146.77355269563384,109296300,145.99256896972656,150.40504455566406,152.9626922607422,149.9949951171875,148.77615574428015,145.99905446370443,3.3427860165050705,-0.009561999249772857,1,0.00614365423063612
2021-09-15,145.4849395751953,145.88519025288556,142.88821089491876,145.0261185341006,83281300,144.59658813476562,145.4263458251953,151.42030334472656,150.62954711914062,148.0412118094308,146.0605702718099,3.4317477637613534,0.00614365423063612,2,-0.0016106768461191523
2021-09-16,145.2506103515625,145.4263362978241,143.71796490468603,144.90894501042473,68034100,145.4849395751953,145.99256896972656,150.40504455566406,152.9626922607422,146.93948582240515,146.12759704589843,2.760774103251023,-0.0016106768461191523,3,-0.01834797330516269
2021-09-17,142.58555603027344,145.27991132028194,142.29268938190515,145.27991132028194,129868800,145.2506103515625,144.59658813476562,145.4263458251953,151.42030334472656,145.67737906319755,146.1022160847982,2.3614905801243284,-0.01834797330516269,4,-0.021360937202866248
2021-09-20,139.539794921875,141.3945924183066,137.9095220938746,140.37933813407227,123478900,142.58555603027344,145.4849395751953,145.99256896972656,150.40504455566406,144.12520054408483,145.99808654785156,2.306300701588522,-0.021360937202866248,0,0.003428038421499302
2021-09-21,140.0181427001953,141.16032435989862,139.38361057442205,140.50624891873463,75834000,139.539794921875,145.2506103515625,144.59658813476562,145.4263458251953,143.35260009765625,145.91153004964193,2.6742819129202178,0.003428038421499302,1,0.01687229034933635
2021-09-22,142.3805694580078,142.9467594818777,140.28170408222925,141.01386330488788,76404300,140.0181427001953,142.58555603027344,145.4849395751953,145.99256896972656,142.83660016741072,145.91966451009114,2.415999410922075,0.01687229034933635,2,0.006719177353295525
2021-09-23,143.33724975585938,143.5813028239796,142.17555476827644,143.1615238009879,64838200,142.3805694580078,139.539794921875,145.2506103515625,144.59658813476562,142.65669468470983,145.95122884114582,2.3075546005708376,0.006719177353295525,3,0.0006130671989355019
2021-09-24,143.4251251220703,143.96204492535793,142.09747565204063,142.1951028511181,53477900,143.33724975585938,140.0181427001953,142.58555603027344,145.4849395751953,142.36243547712053,145.88712514241536,1.9972583798564643,0.0006130671989355019,4,-0.010550125543791755
2021-09-27,141.91197204589844,142.48794860245857,140.39885495340664,142.00959923062172,74150700,143.4251251220703,142.3805694580078,139.539794921875,145.2506103515625,141.88548714773995,145.7657491048177,1.5385735520637063,-0.010550125543791755,0,-0.02380127270574861
2021-09-28,138.53428649902344,141.30672576458994,138.31951860844126,139.84240736288436,108972300,141.91197204589844,143.33724975585938,140.0181427001953,142.58555603027344,141.3067343575614,145.46605224609374,1.9407480195940805,-0.02380127270574861,1,0.006482994846449319
2021-09-29,139.43240356445312,141.0138627120859,138.6514307510702,139.08096654322168,74602000,138.53428649902344,143.4251251220703,142.3805694580078,139.539794921875,141.29139273507255,145.22655283610027,1.9573966830246803,0.006482994846449319,2,-0.00931182657787255
2021-09-30,138.134033203125,140.94552924628812,137.91926531672686,140.24265523549735,89056700,139.43240356445312,141.91197204589844,143.33724975585938,140.0181427001953,141.02223423549108,145.0684056599935,2.2667539245097825,-0.00931182657787255,3,0.008127141890112544
2021-10-01,139.2566680908203,139.5202495626883,135.80088336468526,138.52450892126643,94639600,138.134033203125,138.53428649902344,143.4251251220703,142.3805694580078,140.57596261160714,144.93661600748698,2.262265856178034,0.008127141890112544,4,-0.024605194314250234
2021-10-04,135.83023071289062,138.82721076872008,134.98093045412222,138.38790314925188,98322000,139.2566680908203,139.43240356445312,141.91197204589844,143.33724975585938,139.50353131975447,144.64212646484376,2.5017854709335268,-0.024605194314250234,0,0.014158307842148332
2021-10-05,137.75335693359375,138.85648190904183,136.044984928838,136.17189733013998,80861100,135.83023071289062,138.134033203125,138.53428649902344,143.4251251220703,138.69327872140067,144.3622797648112,1.85482392583426,0.014158307842148332,1,0.006306960142244966
2021-10-06,138.62216186523438,138.76858776803195,135.07850605934124,136.15234566592073,83221100,137.75335693359375,139.2566680908203,139.43240356445312,141.91197204589844,138.22330583844865,144.11432240804035,1.207005943797641,0.006306960142244966,2,0.009084462717818598
2021-10-07,139.8814697265625,140.78935501402486,139.32503639848235,139.6569450430087,61732700,138.62216186523438,135.83023071289062,138.134033203125,138.53428649902344,138.41576058523995,143.9493428548177,1.362271803020749,0.009084462717818598,3,-0.0027218566221226537
2021-10-08,139.500732421875,140.7502829805711,139.16882381318146,140.60385709315267,58773200,139.8814697265625,137.75335693359375,139.2566680908203,139.43240356445312,138.42552185058594,143.79835459391276,1.3709875245501022,-0.0027218566221226537,4,-0.0006295994889700118
2021-10-11,139.41290283203125,141.3653278052875,138.43669034540312,138.88575464341304,64452200,139.500732421875,138.62216186523438,135.83023071289062,138.134033203125,138.60821751185827,143.60994618733724,1.410316299819474,-0.0006295994889700118,0,-0.009103422249327031
2021-10-12,138.14376831054688,139.8423827196876,137.68494743386773,139.82285430694407,73035900,139.41290283203125,139.8814697265625,137.75335693359375,139.2566680908203,138.44923182896204,143.23215026855468,1.387578356279985,-0.009103422249327031,1,-0.004239848277827418
2021-10-13,137.5580596923828,138.03639411972742,135.88873033671427,137.8802114942071,78762700,138.14376831054688,139.500732421875,138.62216186523438,135.83023071289062,138.69606454031808,142.8768086751302,0.9184024524651309,-0.004239848277827418,2,0.02022572366848374
2021-10-14,140.34027099609375,140.45742659800283,138.14379338196727,138.7295267040612,69907100,137.5580596923828,139.41290283203125,139.8814697265625,137.75335693359375,139.0656236921038,142.59207967122396,0.9932671559825108,0.02022572366848374,3,0.007512389451732826
2021-10-15,141.39456176757812,141.45313211222725,140.09619784320086,140.3500225311004,67940300,140.34027099609375,138.14376831054688,139.500732421875,138.62216186523438,139.46168082101005,142.3053985595703,1.2941369892018248,0.007512389451732826,4,0.011806591402906408
2021-10-18,143.06394958496094,143.34704466516118,139.75458969636082,140.03768477656104,85589200,141.39456176757812,137.5580596923828,139.41290283203125,139.8814697265625,139.91632080078125,142.05321197509767,1.888649350946689,0.011806591402906408,0,0.015080037103879507
2021-10-19,145.2213592529297,145.62160993395176,143.06393807186709,143.51298745891924,76378900,143.06394958496094,140.34027099609375,138.14376831054688,139.500732421875,140.73355320521765,141.7951675415039,2.729396022415096,0.015080037103879507,1,0.003361063049142299
2021-10-20,145.70945739746094,146.18780683574556,144.59657585778285,145.16278083703227,58418800,145.2213592529297,141.39456176757812,137.5580596923828,139.41290283203125,141.633061000279,141.60480600992838,3.2158285892235314,0.003361063049142299,2,0.0014739431461119334
2021-10-21,145.92422485351562,146.0804224119474,144.35252229936606,145.27016433537898,61421000,145.70945739746094,143.06394958496094,140.34027099609375,138.14376831054688,142.7445547921317,141.4554453531901,3.1527848982293842,0.0014739431461119334,3,-0.005285314990970735
2021-10-22,145.15296936035156,146.6075157540991,145.1041557796094,146.12918139194093,58883400,145.92422485351562,145.2213592529297,141.39456176757812,137.5580596923828,143.8295418875558,141.446332804362,2.247245203171145,-0.005285314990970735,4,-0.0003359703219207866
2021-10-25,145.1042022705078,145.8168331110648,144.10846150842693,145.14324421012236,50720600,145.15296936035156,145.70945739746094,143.06394958496094,140.34027099609375,144.5101034981864,141.41672058105468,1.658727675854171,-0.0003359703219207866,0,0.004574980369731474
2021-10-26,145.76805114746094,147.25188335627817,145.46541277347194,145.77780790953028,60893400,145.1042022705078,145.92422485351562,145.2213592529297,141.39456176757812,145.1348876953125,141.45576934814454,0.970533356645598,0.004574980369731474,1,-0.0031476841701424396
2021-10-27,145.30921936035156,146.16827612937263,144.9577823061733,145.80708231384622,56094900,145.76805114746094,145.15296936035156,145.70945739746094,143.06394958496094,145.4556405203683,141.44991200764974,0.33492293323239697,-0.0031476841701424396,2,0.0249916386511162
2021-10-28,148.94073486328125,149.5264533730465,146.15852353048365,146.25615073002083,100077900,145.30921936035156,145.1042022705078,145.92422485351562,145.2213592529297,145.98697989327567,141.57291615804036,1.340881823623864,0.0249916386511162,3,-0.01815575895043331
2021-10-29,146.23660278320312,146.37327190681347,142.92724374395107,143.7179733088264,124953200,148.94073486328125,145.76805114746094,145.15296936035156,145.70945739746094,146.06228637695312,141.69461771647136,1.337496403462734,-0.01815575895043331,4,-0.005607505695571335
2021-11-01,145.4165802001953,146.13896771640327,144.2841704394488,145.44586537540286,74588300,146.23660278320312,145.30921936035156,145.1042022705078,145.92422485351562,145.98976571219308,141.89051055908203,1.3598063912669849,-0.005607505695571335,0,0.007116143815422804
2021-11-02,146.45138549804688,147.96451766703325,145.11396440756303,145.12373606469237,69122000,145.4165802001953,148.94073486328125,145.76805114746094,145.15296936035156,146.17525373186385,142.10495198567708,1.3144367985649303,0.007116143815422804,1,0.009798665074363555
2021-11-03,147.88641357421875,148.35499132920407,146.25614074482093,146.81257403590004,54511500,146.45138549804688,146.23660278320312,145.30921936035156,145.1042022705078,146.57271248953683,142.28848012288412,1.3565622672394946,0.009798665074363555,2,-0.0034987005622436618
2021-11-04,147.36900329589844,148.80402155525002,147.05660823548425,147.97425010568048,60394600,147.88641357421875,145.4165802001953,148.94073486328125,145.76805114746094,146.8014199393136,142.4228719075521,1.3330426724332776,-0.0034987005622436618,3,0.003582324452072072
2021-11-05,147.8969268798828,148.79635114627666,146.7042085245969,148.49328605752575,65463900,147.36900329589844,146.45138549804688,146.23660278320312,145.30921936035156,147.1710924421038,142.57193196614583,1.2026973277397832,0.003582324452072072,4,-0.005552498805012851
2021-11-08,147.0757293701172,148.18046407919945,146.80199217243356,148.02403856122066,55020900,147.8969268798828,147.88641357421875,145.4165802001953,148.94073486328125,146.9046630859375,142.74405721028646,0.918282162227594,-0.005552498805012851,0,0.0024595500144988236
2021-11-09,147.43746948242188,148.04359979638906,146.7042415538898,146.84111017051336,56787900,147.0757293701172,147.36900329589844,146.45138549804688,146.23660278320312,147.07621547154017,143.04082997639975,0.8842152186916485,0.0024595500144988236,1,-0.019163128403506313
2021-11-10,144.6121063232422,146.77269130050686,144.54367946999045,146.66515060177312,65187100,147.43746948242188,147.8969268798828,147.88641357421875,145.4165802001953,146.96129063197546,143.21348673502604,1.1486230849286918,-0.019163128403506313,2,-0.0003382820358416305
2021-11-11,144.5631866455078,146.0882980655143,144.37743321812488,145.62882237351127,41000000,144.6121063232422,147.0757293701172,147.36900329589844,146.45138549804688,146.69154793875558,143.42779184977215,1.4661503781373355,-0.0003382820358416305,3,0.014337098020887007
2021-11-12,146.63580322265625,147.03662312152338,144.18192440007093,145.11067671997742,63804000,144.5631866455078,147.43746948242188,147.8969268798828,147.88641357421875,146.5128893171038,143.67376302083332,1.36927918098065,0.014337098020887007,4,6.670188026469681e-05
2021-11-15,146.6455841064453,148.48354686753203,146.08832372641191,147.00730510695527,59222800,146.63580322265625,144.6121063232422,147.0757293701172,147.36900329589844,146.40954371861048,144.03427480061848,1.3203198745087965,6.670188026469681e-05,0,0.00666662157739939
2021-11-16,147.6232147216797,148.1022623119589,146.0003334167105,146.5869216938867,59256200,146.6455841064453,144.5631866455078,147.43746948242188,147.8969268798828,146.37044198172433,144.36327006022137,1.272101505423182,0.00666662157739939,1,0.01648992442608943
2021-11-17,150.05751037597656,151.53373689410836,147.61341784542643,147.62318884522813,88807000,147.6232147216797,146.63580322265625,144.6121063232422,147.0757293701172,146.7964106968471,144.74444834391275,1.8945690389647736,0.01648992442608943,2,0.028535913914027766
2021-11-18,154.33953857421875,155.12165110785514,149.62733629184328,150.27258025090998,137827700,150.05751037597656,146.6455841064453,144.5631866455078,147.43746948242188,147.7824205671038,145.22638397216798,3.4452543355204774,0.028535913914027766,3,0.016976219787329327
2021-11-19,156.9596405029297,157.41913113659675,153.02953515610952,154.12448394226502,117305600,154.33953857421875,147.6232147216797,146.63580322265625,144.6121063232422,149.54635402134485,145.8083475748698,4.538885864528269,0.016976219787329327,4,0.0029276215920526205
2021-11-22,157.41915893554688,161.99449424357113,157.3996020130381,158.064388202726,117467900,156.9596405029297,150.05751037597656,146.6455841064453,144.5631866455078,151.38292149135046,146.40855611165364,4.780989245013071,0.0029276215920526205,0,0.0024221106482336108
2021-11-23,157.80044555664062,158.18172351994562,155.50299185623751,157.51692237613375,96041900,157.41915893554688,154.33953857421875,147.6232147216797,146.63580322265625,152.97787039620536,147.06377868652345,4.795650775676965,0.0024221106482336108,1,0.0032831445007110993
2021-11-24,158.3185272216797,158.51405162465102,156.06995929361992,157.15513688529995,69463600,157.80044555664062,156.9596405029297,150.05751037597656,146.6455841064453,154.6454336983817,147.75579427083332,4.221946476017731,0.0032831445007110993,2,-0.03167857011711073
2021-11-26,153.30322265625,156.86181997522118,152.86328908425165,156.0015097439399,76959800,158.3185272216797,157.41915893554688,154.33953857421875,147.6232147216797,155.4568634033203,148.1878926595052,3.0229686358671737,-0.03167857011711073,4,0.021874054432818868
2021-11-29,156.65658569335938,157.5853380225465,155.23899986098183,155.80603121042097,88748200,153.30322265625,157.80044555664062,156.9596405029297,150.05751037597656,156.39958844866072,148.69662679036458,1.8661566173182922,0.021874054432818868,0,0.031577596032823285
2021-11-30,161.60342407226562,161.8185054389282,156.34373142534065,156.41217318635103,174048100,156.65658569335938,158.3185272216797,157.41915893554688,154.33953857421875,157.43728637695312,149.31460927327473,2.4560681281877756,0.031577596032823285,1,-0.003206355075451084
2021-12-01,161.08526611328125,166.49159798116264,160.85062784337472,163.7346542506034,152052500,161.60342407226562,153.30322265625,157.80044555664062,156.9596405029297,158.0266614641462,149.8434061686198,2.794091788150501,-0.003206355075451084,2,-0.006129933794858378
2021-12-02,160.0978240966797,160.52798674829987,154.27111613625055,155.19009727061072,136739200,161.08526611328125,156.65658569335938,158.3185272216797,157.41915893554688,158.4093279157366,150.3230183919271,2.879158255451264,-0.006129933794858378,3,-0.011724551572786956
2021-12-03,158.2207489013672,161.27098610748033,156.14816349171144,160.3520050545032,118023100,160.0978240966797,161.60342407226562,153.30322265625,157.80044555664062,158.46937125069755,150.73290252685547,2.868707649288804,-0.011724551572786956,4,0.021503198669515555
2021-12-06,161.6230010986328,164.12575013017414,160.60624998109355,160.61602098349957,107497000,158.2207489013672,161.08526611328125,156.65658569335938,158.3185272216797,158.94143894740515,151.2819035847982,3.102138869320714,0.021503198669515555,0,0.03544605072164453
2021-12-07,167.35189819335938,167.74296195252498,164.5754126322905,165.29886939857903,120405400,161.6230010986328,160.0978240966797,161.60342407226562,153.30322265625,160.9483925955636,152.02349344889322,3.3786312452509004,0.03544605072164453,1,0.02278306943723374
2021-12-08,171.16468811035156,172.02501344578044,166.8826332677211,168.280661937793,116998900,167.35189819335938,158.2207489013672,161.08526611328125,156.65658569335938,163.02097865513392,152.87004801432292,4.55292380944567,0.02278306943723374,2,-0.002970015731740827
2021-12-09,170.6563262939453,172.79735388590385,170.03063915946248,170.9985052389604,108923700,171.16468811035156,161.6230010986328,160.0978240966797,161.60342407226562,164.31425040108817,153.71495157877604,5.3065352977187334,-0.002970015731740827,3,0.02801298947356945
2021-12-10,175.43692016601562,175.6129025465312,170.78337438452806,171.29174969567407,115402700,170.6563262939453,167.35189819335938,158.2207489013672,161.08526611328125,166.36448669433594,154.59815775553386,6.4912641598443885,0.02801298947356945,4,-0.020673830352059386
2021-12-13,171.80996704101562,178.05706815750167,171.6046566651188,177.0696450374433,153237000,175.43692016601562,171.16468811035156,161.6230010986328,160.0978240966797,168.03764997209822,155.45060323079426,6.104710353108834,-0.020673830352059386,0,-0.00802336608542753
2021-12-14,170.4314727783203,173.76521877848376,168.35888695654498,171.33089709564845,139380400,171.80996704101562,170.6563262939453,167.35189819335938,158.2207489013672,169.78203909737724,156.28443298339843,4.313998880088906,-0.00802336608542753,1,0.028508880112328328
2021-12-15,175.290283203125,175.4858075818224,168.45659652363045,171.19398257805543,131063300,170.4314727783203,175.43692016601562,171.16468811035156,161.6230010986328,171.73450796944755,157.2457295735677,2.8504218171226476,0.028508880112328328,2,-0.03926357158675131
2021-12-16,168.4077606201172,177.08918279763162,166.93153397693786,175.27077720416733,150185800,175.290283203125,171.80996704101562,170.6563262939453,167.35189819335938,171.88534545898438,157.92977447509764,2.59647655654854,-0.03926357158675131,3,-0.006501811082245013
2021-12-17,167.31280517578125,169.59070130648584,165.8952344280195,166.12985777423478,195432700,168.4077606201172,170.4314727783203,175.43692016601562,171.16468811035156,171.33507646833147,158.59456787109374,3.128347512268404,-0.006501811082245013,4,-0.008121924535969494
2021-12-20,165.9539031982422,166.76534380811088,163.71512072913166,164.51677542044033,107499100,167.31280517578125,175.290283203125,171.80996704101562,170.6563262939453,170.6633017403739,159.19646708170572,3.7429200702288834,-0.008121924535969494,0,0.019087059481213364
2021-12-21,169.12147521972656,169.32677069078633,165.3380088741713,167.72344617879446,91185900,165.9539031982422,168.4077606201172,170.4314727783203,175.43692016601562,169.76109531947546,159.93132527669272,3.107750126096232,0.019087059481213364,1,0.015318654816667499
2021-12-22,171.71218872070312,171.92727008747283,168.30022969109157,169.1703261593658,92135300,169.12147521972656,167.31280517578125,175.290283203125,171.80996704101562,169.74712698800224,160.74048258463543,3.097208135469348,0.015318654816667499,2,0.003643721458448379
2021-12-23,172.33786010742188,172.89512039322665,171.35045204505695,171.9174833311616,68356600,171.71218872070312,165.9539031982422,168.4077606201172,170.4314727783203,170.01946803501673,161.6646743774414,3.2475778363937082,0.003643721458448379,3,0.02297479426409743
2021-12-27,176.2972869873047,176.38527073958,173.11019564746687,173.12973764737882,74919600,172.33786010742188,169.12147521972656,167.31280517578125,175.290283203125,170.163325718471,162.72247772216798,3.529995841601367,0.02297479426409743,0,-0.005767183993448444
2021-12-28,175.28054809570312,177.2749361221624,174.5375492742612,176.1311025117923,79144300,176.2972869873047,171.71218872070312,165.9539031982422,168.4077606201172,171.14515250069755,163.67730255126952,3.897035049918135,-0.005767183993448444,1,0.0005020376617912437
2021-12-29,175.36854553222656,176.59059189162147,174.15627017338588,175.31966069433915,62348900,175.28054809570312,172.33786010742188,169.12147521972656,167.31280517578125,172.2959725516183,164.63473459879557,3.7638798296993925,0.0005020376617912437,2,-0.006578378942296181
2021-12-30,174.21490478515625,176.53191454419968,174.10736412193012,175.4565079119385,59773000,175.36854553222656,176.2972869873047,171.71218872070312,165.9539031982422,173.47611563546317,165.52112426757813,2.5400801030661984,-0.006578378942296181,3,-0.003535146690807678
2021-12-31,173.59902954101562,175.2218958133562,173.29594950484335,174.1073900997929,64062300,174.21490478515625,175.28054809570312,172.33786010742188,169.12147521972656,174.11576625279017,166.30584157307942,1.6783020125531605,-0.003535146690807678,4,0.02500407401397875
2022-01-03,177.93971252441406,178.79026689432098,173.73588518068755,173.8531968520303,104487900,173.59902954101562,175.36854553222656,176.2972869873047,171.71218872070312,175.00541251046317,167.09251403808594,1.8350873167695636,0.02500407401397875,0,-0.012691638789218196
2022-01-04,175.68136596679688,178.84891521802436,175.11433471652768,178.54585013474667,99310400,177.93971252441406,174.21490478515625,175.28054809570312,172.33786010742188,175.4830562046596,167.71657155354816,1.4112255621108043,-0.012691638789218196,1,-0.026599750170539616
2022-01-05,171.00828552246094,176.14088047095728,170.7345483186125,175.5934060632604,94537600,175.68136596679688,173.59902954101562,175.36854553222656,176.2972869873047,174.72748456682478,168.16954243977864,2.1336091064393337,-0.026599750170539616,2,-0.016693198719858526
2022-01-06,168.1536102294922,171.37981619996555,167.80166021603034,168.83795333412328,96904000,171.00828552246094,177.93971252441406,174.21490478515625,175.28054809570312,173.7093505859375,168.5146479288737,3.2395342728363707,-0.016693198719858526,3,0.0009883744407386263
2022-01-07,168.31980895996094,170.2457555978546,167.2053030557917,169.0237089960216,86709100,168.1536102294922,175.68136596679688,173.59902954101562,175.36854553222656,172.702388218471,168.8480239868164,3.7005385290787123,0.0009883744407386263,4,0.00011585524331558794
2022-01-10,168.3393096923828,168.64237476166727,164.4092049558039,165.29885816519484,106765600,168.31980895996094,171.00828552246094,177.93971252441406,174.21490478515625,171.86301749093192,169.34922688802084,3.9577109917169926,0.00011585524331558794,0,0.016783830366963848
2022-01-11,171.16468811035156,171.26244286002324,166.99995985190662,168.46641535499305,76138300,168.3393096923828,168.1536102294922,175.68136596679688,173.59902954101562,171.5152544294085,169.83283030192058,3.8860479028778956,0.016783830366963848,1,0.002570192206801991
2022-01-12,171.6046142578125,173.21770927349675,170.91050037060046,172.18141648353657,74805200,171.16468811035156,168.31980895996094,171.00828552246094,177.93971252441406,170.61024039132255,170.16620330810548,2.6959593320774267,0.002570192206801991,2,-0.019028069726167218
2022-01-13,168.3393096923828,172.67023424322653,167.94824595979313,171.8490227811223,84505800,171.6046142578125,168.3393096923828,168.1536102294922,175.68136596679688,169.5613752092634,170.4080047607422,1.5994355654156134,-0.019028069726167218,3,0.005110908574243789
2022-01-14,169.19967651367188,169.8937905683483,167.2639441267619,167.508353425533,80440800,168.3393096923828,171.16468811035156,168.31980895996094,171.00828552246094,169.3030024937221,170.7113998413086,1.467375550572081,0.005110908574243789,4,-0.01889397015151506
2022-01-18,166.00282287597656,168.6815396332443,165.6215449110886,167.67457436911548,90956700,169.19967651367188,171.6046142578125,168.3393096923828,168.1536102294922,168.99574715750558,170.9708023071289,1.9073711437201324,-0.01889397015151506,1,-0.02102496690691502
2022-01-19,162.5126190185547,167.25416515581253,162.22911080921511,166.1983152453234,94815000,166.00282287597656,168.3393096923828,171.16468811035156,168.31980895996094,168.16614859444755,171.00045623779297,3.124761582044827,-0.02102496690691502,2,-0.010347190774604664
2022-01-20,160.83106994628906,165.8854518373375,160.50844792121475,163.24583471657064,91420500,162.5126190185547,169.19967651367188,171.6046142578125,168.3393096923828,167.09354291643416,170.78309529622396,4.169428879615436,-0.010347190774604664,3,-0.01276500264463043
2022-01-21,158.77806091308594,162.61039693927614,158.6705202245997,160.74310631081485,122848900,160.83106994628906,166.00282287597656,168.3393096923828,171.16468811035156,165.3240247453962,170.37020772298177,4.742704554499932,-0.01276500264463043,4,-0.004864363007930583
2022-01-24,158.00570678710938,158.67050778679211,151.24045969712583,156.44149634340394,162294600,158.77806091308594,162.5126190185547,169.19967651367188,171.6046142578125,163.3813236781529,169.94852040608723,4.521298486166713,-0.004864363007930583,0,-0.01138505979008142
2022-01-25,156.20680236816406,159.12015577425998,153.50853024549335,155.42468996639545,115798400,158.00570678710938,160.83106994628906,166.00282287597656,168.3393096923828,161.64810834612166,169.3075164794922,4.628115581348946,-0.01138505979008142,1,-0.0005629486042478815
2022-01-26,156.11886596679688,160.7137572085088,154.29068942101793,159.84366081362626,108275300,156.20680236816406,158.77806091308594,162.5126190185547,169.19967651367188,159.77942112513952,168.78447977701822,3.596737387250669,-0.0005629486042478815,2,-0.0029431927537623137
2022-01-27,155.6593780517578,160.1760566161972,154.74039680395836,158.8171416631375,121954600,156.11886596679688,158.00570678710938,160.83106994628906,166.00282287597656,158.3017861502511,168.29207661946614,2.600618796177393,-0.0029431927537623137,3,0.06977752722130415
2022-01-28,166.52090454101562,166.5404614570555,159.15929945417386,162.00422657695262,179935700,155.6593780517578,156.20680236816406,158.77806091308594,162.5126190185547,158.87439836774553,167.99976399739583,3.8320340367624786,0.06977752722130415,4,0.0261259068676456
2022-01-31,170.8714141845703,171.0864955438015,165.71926239899202,166.35473547583268,115541600,166.52090454101562,156.11886596679688,158.00570678710938,160.83106994628906,160.30873325892858,168.0818857828776,5.96944327297842,0.0261259068676456,0,-0.000972743100717044
2022-02-01,170.7052001953125,170.93005253238587,168.4566320719076,170.1186120178827,86213900,170.8714141845703,155.6593780517578,156.20680236816406,158.77806091308594,162.01261029924666,168.194965616862,7.061948575348231,-0.000972743100717044,1,0.007044393768096402
2022-02-02,171.90771484375,171.94682868403083,169.4538509394799,170.84209391826516,84914300,170.7052001953125,166.52090454101562,156.11886596679688,158.00570678710938,163.9986114501953,168.39342600504557,7.6754491755126,0.007044393768096402,2,-0.01671991765771852
2022-02-03,169.03343200683594,172.2987509371964,168.27087633720052,170.57810026310062,89418100,171.90771484375,170.8714141845703,155.6593780517578,156.20680236816406,165.83098711286272,168.39049123128254,7.0072467912161684,-0.01671991765771852,3,-0.0016792180740266005
2022-02-04,168.7495880126953,170.4234840013588,167.07569202403184,168.05457472378333,82465400,169.03343200683594,170.7052001953125,166.52090454101562,156.11886596679688,167.6353759765625,168.29173787434897,5.56793267162645,-0.0016792180740266005,4,-0.004234584267738595
2022-02-07,168.03500366210938,170.2766384169295,167.33999039041194,169.20965988540354,77251200,168.7495880126953,171.90771484375,170.8714141845703,155.6593780517578,169.40332249232702,168.14830932617187,1.864893975024307,-0.004234584267738595,0,0.01846655325452118
2022-02-08,171.13803100585938,171.64705409326743,167.8098215101135,168.10348925040896,74829200,168.03500366210938,169.03343200683594,170.7052001953125,166.52090454101562,170.0629119873047,167.97633412679036,1.4446712138162696,0.01846655325452118,1,0.008293818790834573
2022-02-09,172.5574188232422,172.9196005956565,171.20655609241282,172.33228001362485,71285000,171.13803100585938,168.7495880126953,171.90771484375,170.8714141845703,170.30376979282923,167.88556315104168,1.7168406386129114,0.008293818790834573,2,-0.023598685722517
2022-02-10,168.48529052734375,171.7743370940817,167.92733513885554,170.462637822063,90865900,172.5574188232422,168.03500366210938,169.03343200683594,170.7052001953125,169.98663984026228,167.65612131754557,1.8315281094218454,-0.023598685722517,3,-0.020218437993916205
2022-02-11,165.0787811279297,169.4250227899619,164.4914455219278,168.690860750742,98670700,168.48529052734375,171.13803100585938,168.7495880126953,171.90771484375,169.01107788085938,167.3515838623047,2.3756217189180555,-0.020218437993916205,4,0.00142319669184654
2022-02-14,165.313720703125,165.9989356288058,163.04270559336564,163.83559821712237,86185500,165.0787811279297,172.5574188232422,168.03500366210938,169.03343200683594,168.4796905517578,167.07540690104167,2.7554435289217283,0.00142319669184654,0,0.023152390622115604
2022-02-15,169.14112854003906,169.29775335068365,166.65477315145358,167.35956986279012,62527400,165.313720703125,168.48529052734375,171.13803100585938,168.7495880126953,168.53562491280692,166.78212076822916,2.7657900995965843,0.023152390622115604,1,-0.001388924848935491
2022-02-16,168.9062042236328,169.67951494494773,166.45899759893967,168.2209893560315,61177400,169.14112854003906,165.0787811279297,172.5574188232422,168.03500366210938,168.6600821358817,166.55628204345703,2.759101587971844,-0.001388924848935491,2,-0.02126910338800425
2022-02-17,165.313720703125,168.2797341887302,164.91237519788157,167.41831260412283,69589300,168.9062042236328,165.313720703125,168.48529052734375,171.13803100585938,167.82803780691964,166.36646321614583,2.76549179819812,-0.02126910338800425,3,-0.009355731954956648
2022-02-18,163.76708984375,166.93866044821442,162.68052937533312,166.23387859788448,82772700,165.313720703125,169.14112854003906,165.0787811279297,172.5574188232422,166.57227652413505,166.22024586995443,2.1974746142653,-0.009355731954956648,4,-0.017812672371382954
2022-02-22,160.84996032714844,163.16990679491468,158.7257724120898,161.4960113480749,91162800,163.76708984375,168.9062042236328,165.313720703125,168.48529052734375,165.48151506696428,165.97125091552735,2.8789559527926736,-0.017812672371382954,1,-0.02586386728293788
2022-02-23,156.68975830078125,162.6413518716535,156.37650867254357,162.04423283731927,90009200,160.84996032714844,165.313720703125,169.14112854003906,165.0787811279297,164.28308323451452,165.5829325358073,4.4122829442288545,-0.02586386728293788,2,0.016680300170808238
2022-02-24,159.3033905029297,159.411068207212,148.79018396900835,149.35793777917277,141147500,156.68975830078125,163.76708984375,168.9062042236328,165.313720703125,163.4244646344866,165.18755594889322,4.750157707674849,0.016680300170808238,3,0.012965192789690771
2022-02-25,161.36878967285156,161.6330771993794,157.472826482258,160.38010876655954,91974200,159.3033905029297,160.84996032714844,165.313720703125,169.14112854003906,162.31413051060267,164.8463617960612,4.047625842369786,0.012965192789690771,4,0.0016378476029186295
2022-02-28,161.63308715820312,161.92675492011216,158.99989062280463,159.61659142915732,95056600,161.36878967285156,156.68975830078125,163.76708984375,168.9062042236328,161.27511378696985,164.62282104492186,2.82108559792221,0.0016378476029186295,0,-0.011627913563060699
2022-03-01,159.75363159179688,163.08184127413253,158.54961021930214,161.22195543903135,83474400,161.63308715820312,159.3033905029297,160.84996032714844,165.313720703125,160.48081534249442,164.30795288085938,2.2113094092100694,-0.011627913563060699,1,0.02058862915098869
2022-03-02,163.04273986816406,163.82584920638078,159.50897186225131,160.9185656837277,79724800,159.75363159179688,161.36878967285156,156.68975830078125,163.76708984375,160.37733677455358,164.20928344726562,2.0423939506956654,0.02058862915098869,2,-0.001981718773002128
2022-03-03,162.71963500976562,165.34304789639853,162.05400207433684,164.91233720332733,76678400,163.04273986816406,161.63308715820312,159.3033905029297,160.84996032714844,160.6444331577846,164.216183980306,2.2282969189380686,-0.001981718773002128,3,-0.018408206156155016
2022-03-04,159.72425842285156,162.05400359179123,158.67686189722227,161.01639051416453,83737200,162.71963500976562,159.75363159179688,161.36878967285156,156.68975830078125,161.07793317522322,164.17929026285807,1.5101686117810378,-0.018408206156155016,4,-0.023717364931266083
2022-03-07,155.93601989746094,161.5352302369313,155.68150083148916,159.91028134097652,96418800,159.72425842285156,163.04273986816406,161.63308715820312,159.3033905029297,160.59688023158483,164.08455556233724,2.427414342265184,-0.023717364931266083,0,-0.011676295227235456
2022-03-08,154.11526489257812,159.4403881412621,152.50989817230385,155.4661275372027,131148300,155.93601989746094,162.71963500976562,159.75363159179688,161.36878967285156,159.56066240583147,163.95487416585286,3.397383892415794,-0.011676295227235456,1,0.034997581211588136
2022-03-09,159.50892639160156,159.95921898709753,156.04368834876885,158.06996768709067,91454900,154.11526489257812,159.72425842285156,163.04273986816406,161.63308715820312,159.25721086774553,164.0649449666341,3.2740509129577564,0.034997581211588136,2,-0.027186292309321458
2022-03-10,155.17247009277344,157.00297572975708,152.68609998585092,156.81698565051138,105342000,159.50892639160156,155.93601989746094,162.71963500976562,159.75363159179688,158.6027592250279,164.0333984375,3.5999301215139305,-0.027186292309321458,3,-0.02390862847824693
2022-03-11,151.46250915527344,155.91642822664025,151.2373703266691,155.57381332247203,96970100,155.17247009277344,154.11526489257812,159.72425842285156,163.04273986816406,156.9484405517578,163.89350280761718,3.8701708040859835,-0.02390862847824693,4,-0.026562204224819363
2022-03-14,147.4393310546875,150.865421052167,146.93032272367594,148.2518056179064,108732100,151.46250915527344,159.50892639160156,155.93601989746094,162.71963500976562,154.76553998674666,163.25745035807293,4.351827702909282,-0.026562204224819363,0,0.029677154682432816
2022-03-15,151.81491088867188,152.28478532825997,147.20438184151632,147.713390079557,92964300,147.4393310546875,155.17247009277344,154.11526489257812,159.72425842285156,153.63563319614954,162.62223358154296,3.8473134391120083,0.029677154682432816,1,0.029015285633964494
2022-03-16,156.21986389160156,156.62120932527256,151.19820652447248,153.73350876565036,102300200,151.81491088867188,151.46250915527344,159.50892639160156,155.93601989746094,153.67618233816964,162.13938903808594,3.8769808673319353,0.029015285633964494,2,0.00645417451119723
2022-03-17,157.22813415527344,157.60011436017203,154.30128444798586,155.26058530967927,75615400,156.21986389160156,147.4393310546875,155.17247009277344,154.11526489257812,154.1208779471261,161.6500696818034,4.107415505379902,0.00645417451119723,3,0.020918948500417756
2022-03-18,160.51718139648438,161.00662274780382,156.38629519642316,157.1204572234023,123511700,157.22813415527344,151.81491088867188,151.46250915527344,159.50892639160156,154.2649143763951,161.36619466145834,4.339001020368886,0.020918948500417756,4,0.008537353034615114
2022-03-21,161.8875732421875,162.8370903483991,159.56761183816215,160.0570530295471,95811400,160.51718139648438,156.21986389160156,147.4393310546875,155.17247009277344,155.2242148263114,161.13746083577473,5.224956913092156,0.008537353034615114,0,0.020800956579898777
2022-03-22,165.25498962402344,165.84231029999864,161.42755456550665,162.01487524148183,81532000,161.8875732421875,157.22813415527344,151.81491088867188,151.46250915527344,157.19456917898995,161.04479370117187,6.097690656074565,0.020800956579898777,1,0.008233587878876403
2022-03-23,166.61563110351562,168.99430889731204,164.1096788423283,164.44251031244588,98062700,165.25498962402344,160.51718139648438,156.21986389160156,147.4393310546875,159.93404061453683,160.89404703776043,5.230516206579309,0.008233587878876403,2,0.022677781642486572
2022-03-24,170.39410400390625,170.46261801995993,166.61561651162776,167.44765777264146,90131400,166.61563110351562,161.8875732421875,157.22813415527344,151.81491088867188,162.5882110595703,160.82193654378256,5.136959413065714,0.022677781642486572,3,0.0037342342777990645
2022-03-25,171.0303955078125,171.57856745870845,169.10199529276142,170.20813758146855,80546200,170.39410400390625,165.25498962402344,160.51718139648438,156.21986389160156,164.7040012904576,160.90677337646486,5.126869846983374,0.0037342342777990645,4,0.005036646703509673
2022-03-28,171.89181518554688,172.01905978493204,168.3678313455488,168.53423961902578,90371900,171.0303955078125,166.61563110351562,161.8875732421875,157.22813415527344,166.79881286621094,161.13387451171874,4.523405740692551,0.005036646703509673,0,0.01913431409675659
2022-03-29,175.18084716796875,175.22977935165113,172.6161644453855,172.95877935054617,100589400,171.89181518554688,170.39410400390625,165.25498962402344,160.51718139648438,168.89362226213728,161.46277872721353,4.5249165231183355,0.01913431409675659,1,-0.0066496223385222875
2022-03-30,174.01596069335938,175.8171010585222,172.96854916161706,174.77948791199498,92633200,175.18084716796875,171.0303955078125,166.61563110351562,161.8875732421875,170.6262490408761,161.62527313232422,3.628334707556366,-0.0066496223385222875,2,-0.01777564797870279
2022-03-31,170.92271423339844,174.27049138056103,170.7171422878286,174.0845012718467,103049300,174.01596069335938,171.89181518554688,170.39410400390625,165.25498962402344,171.43592398507255,161.69249013264974,2.75793780993396,-0.01777564797870279,3,-0.0017183273340367622
2022-04-01,170.62901306152344,171.18698327855927,168.30906622272897,170.35492714540266,78751300,170.92271423339844,175.18084716796875,171.0303955078125,166.61563110351562,172.00926426478796,161.86966654459636,1.8597568846906067,-0.0017183273340367622,4,0.023693603388842632
2022-04-04,174.6718292236328,174.72077634534207,170.75629847192283,170.88355800105404,76468400,170.62901306152344,174.01596069335938,171.89181518554688,170.39410400390625,172.62036786760603,162.2331578572591,1.941586559964989,0.023693603388842632,0,-0.01894203284566931
2022-04-05,171.36318969726562,174.53477477488693,170.73670541562527,173.7516656886956,73401800,174.6718292236328,170.92271423339844,175.18084716796875,171.0303955078125,172.66790989467077,162.583598836263,1.899790047861916,-0.01894203284566931,1,-0.018450627748218262
2022-04-06,168.20143127441406,169.96342328033663,166.53733352192953,168.72023795719042,89058800,171.36318969726562,170.62901306152344,174.01596069335938,171.89181518554688,172.14071219308036,162.96732126871746,2.5513643313423704,-0.018450627748218262,2,0.001803914617187763
2022-04-07,168.50485229492188,169.69909027693134,166.26321768469555,167.5455515170426,77594700,168.20143127441406,174.6718292236328,170.92271423339844,175.18084716796875,171.18699863978796,163.27403666178387,2.472071649745081,0.001803914617187763,3,-0.011908847615178852
2022-04-08,166.49815368652344,168.15246782773184,165.62694868711696,168.15246782773184,76575500,168.50485229492188,171.36318969726562,170.62901306152344,174.01596069335938,170.11302621023995,163.44501546223958,2.663805319714782,-0.011908847615178852,4,-0.02551609416857603
2022-04-11,162.24977111816406,165.46050445879015,162.00505049807634,165.14726983208973,72246700,166.49815368652344,168.20143127441406,174.6718292236328,170.92271423339844,168.87403433663505,163.46557159423827,3.937101992503389,-0.02551609416857603,0,0.011523623036938657
2022-04-12,164.11947631835938,166.28279871101802,163.12101178667447,164.47187468621496,79265200,162.24977111816406,168.50485229492188,171.36318969726562,170.62901306152344,167.94410051618303,163.61109975179036,4.212621231641128,0.011523623036938657,1,0.0163424458061161
2022-04-13,166.8015899658203,167.42807423573976,163.24825626550123,163.8551587010773,70618900,164.11947631835938,166.49815368652344,168.20143127441406,174.6718292236328,166.81978062220983,163.73639475504558,2.9908581844347517,0.0163424458061161,2,-0.029988174551198732
2022-04-14,161.7995147705078,167.6532440657547,161.55479409572018,167.01696134936807,75329400,166.8015899658203,162.24977111816406,168.50485229492188,171.36318969726562,165.4535413469587,163.70572408040366,2.743648148426925,-0.029988174551198732,3,-0.0013312343161953066
2022-04-18,161.58412170410156,163.08181055120662,160.11579813348408,160.4583980046923,69023900,161.7995147705078,164.11947631835938,166.49815368652344,168.20143127441406,164.50821140834265,163.767719523112,2.7788366703655965,-0.0013312343161953066,0,0.014115483555197761
2022-04-19,163.86495971679688,164.27610359926777,160.44866861751814,161.53522902332887,67723800,161.58412170410156,166.8015899658203,162.24977111816406,168.50485229492188,163.84536961146765,164.03201751708986,2.1485157307631555,0.014115483555197761,1,-0.0010156388076640877
2022-04-20,163.6985321044922,165.31369734743882,162.59240492951264,165.19622127922986,67929800,163.86495971679688,161.7995147705078,164.11947631835938,166.49815368652344,163.44542367117745,164.351459757487,1.805607916581184,-0.0010156388076640877,2,-0.004843613720058038
2022-04-21,162.9056396484375,167.90773030576432,162.40641490220864,165.34306268686478,87227800,163.6985321044922,161.58412170410156,166.8015899658203,162.24977111816406,163.53911917550224,164.46468353271484,1.7493641474112298,-0.004843613720058038,3,-0.027821176555218652
2022-04-22,158.3734130859375,164.32502122927878,158.08954369720692,162.94480808191494,84882400,162.9056396484375,163.86495971679688,161.7995147705078,164.11947631835938,162.71825299944197,164.57138163248698,2.58175023188372,-0.027821176555218652,4,0.00673744310714941
2022-04-25,159.44044494628906,159.72431440347455,155.11378449938243,157.71760155404482,96046400,158.3734130859375,163.6985321044922,161.58412170410156,166.8015899658203,161.66666085379464,164.83731282552083,2.0945193611663053,0.00673744310714941,0,-0.03732832594305591
2022-04-26,153.48880004882812,158.91180327087787,153.4104876456948,158.82370741856425,95623200,159.44044494628906,162.9056396484375,163.86495971679688,161.7995147705078,160.4794158935547,165.0389617919922,3.7263693487253753,-0.03732832594305591,1,-0.0014668394863049938
2022-04-27,153.26365661621094,156.41564486229873,152.0987839265491,152.61759051221244,88063200,153.48880004882812,158.3734130859375,163.6985321044922,161.58412170410156,159.29077802385603,165.08725331624348,4.5510394098942815,-0.0014668394863049938,2,0.04515571886784997
2022-04-28,160.18438720703125,161.0458088852168,155.57384246237302,155.88709214046477,130216800,153.26365661621094,159.44044494628906,162.9056396484375,163.86495971679688,158.76498195103235,165.2194040934245,4.127386721710409,0.04515571886784997,3,-0.03660513530206777
2022-04-29,154.32081604003906,162.69026417943107,153.92926902509257,158.4223359956449,131747600,160.18438720703125,153.48880004882812,158.3734130859375,163.6985321044922,157.42530822753906,165.12249348958332,3.7651812845491035,-0.03660513530206777,4,0.0019667636617697326
2022-05-02,154.62432861328125,154.8886162063275,150.03336604127583,153.40072515321864,123055300,154.32081604003906,153.26365661621094,159.44044494628906,162.9056396484375,156.2422637939453,164.92606506347656,2.9741619555407524,0.0019667636617697326,0,0.009622478403230383
2022-05-03,156.11219787597656,157.31623426694395,153.0189401124905,154.81028218380573,88966500,154.62432861328125,160.18438720703125,153.48880004882812,158.3734130859375,155.91923304966517,164.73355255126953,2.823074973402923,0.009622478403230383,1,0.041008236854202185
2022-05-04,162.5140838623047,162.9643614673084,155.89682831665468,156.29817374379095,108256500,156.11219787597656,154.32081604003906,153.26365661621094,159.44044494628906,156.3583243233817,164.6421890258789,3.595414436616715,0.041008236854202185,2,-0.05571585545611235
2022-05-05,153.45947265625,160.615104090122,151.67789865233715,160.38996521087574,130525300,162.5140838623047,154.62432861328125,160.18438720703125,153.48880004882812,156.35413469587053,164.20365041097006,3.5993304558190777,-0.05571585545611235,3,0.004726800515455709
2022-05-06,154.18484497070312,156.30234136161943,151.14584468974874,152.9398334410661,116124600,153.45947265625,156.11219787597656,154.32081604003906,153.26365661621094,156.48573303222656,163.66334177652996,3.4824468092865195,0.004726800515455709,4,-0.03318895107583053
2022-05-09,149.06761169433594,152.76342612282588,148.5088364921623,151.88112823098254,131577900,154.18484497070312,162.5140838623047,154.62432861328125,160.18438720703125,154.89762224469865,162.9312489827474,4.009539147285553,-0.03318895107583053,0,0.016111807453864424
2022-05-10,151.4693603515625,153.65548649022554,149.92045170349726,152.4594939260044,115366700,149.06761169433594,153.45947265625,156.11219787597656,154.32081604003906,154.49027143205916,162.25050048828126,4.217367987658929,0.016111807453864424,1,-0.051841418332947864
2022-05-11,143.61697387695312,152.39084062039686,142.94055024144134,150.47921836254133,142689800,151.4693603515625,154.18484497070312,162.5140838623047,154.62432861328125,152.91779218401228,161.19837137858073,5.882444899235564,-0.051841418332947864,2,-0.026894049584353374
2022-05-12,139.75453186035156,143.3228989996902,136.06853101088905,139.96040581157675,182602000,143.61697387695312,149.06761169433594,153.45947265625,156.11219787597656,150.5809827532087,160.0563237508138,7.4438049675285605,-0.026894049584353374,3,0.031916530197283466
2022-05-13,144.2150115966797,145.18553469561974,140.2937279042498,141.74459868206603,113990900,139.75453186035156,151.4693603515625,154.18484497070312,162.5140838623047,147.96682957240515,159.16606699625652,5.51892959254079,0.031916530197283466,4,-0.0106726341155029
2022-05-16,142.6758575439453,144.6169031565104,141.34262089221127,142.6856703236639,86643800,144.2150115966797,143.61697387695312,149.06761169433594,153.45947265625,146.42631312779017,158.2342951456706,5.227561949753578,-0.0106726341155029,0,0.02542285601532779
2022-05-17,146.30308532714844,146.82265416778552,143.79345144967377,145.93055862687706,78336300,142.6758575439453,139.75453186035156,151.4693603515625,154.18484497070312,145.30034746442522,157.2886703491211,3.9772310644234383,0.02542285601532779,1,-0.05641909534080669
2022-05-18,138.04879760742188,144.46008977155722,137.14688920750964,143.9601314929513,109742900,146.30308532714844,144.2150115966797,143.61697387695312,149.06761169433594,143.72623116629464,156.17819061279297,4.396172622278939,-0.05641909534080669,2,-0.02464141809711462
2022-05-19,134.64707946777344,138.87226008655338,133.91183880440775,137.12729010884627,136095600,138.04879760742188,142.6758575439453,139.75453186035156,151.4693603515625,141.3230481828962,155.0597122192383,4.041574139952484,-0.02464141809711462,3,0.0017472344049016542
2022-05-20,134.88233947753906,137.93113785871375,130.00034593006458,136.3528207232791,137426100,134.64707946777344,146.30308532714844,144.2150115966797,143.61697387695312,140.0752432686942,153.9389617919922,4.5337152348168,0.0017472344049016542,4,0.040119240028648306
2022-05-23,140.29371643066406,140.4407585737006,134.941158046499,135.07840236616943,117726300,134.88233947753906,138.04879760742188,142.6758575439453,139.75453186035156,140.1522696358817,153.06548055013022,4.531938258420726,0.040119240028648306,0,-0.019215950249116598
2022-05-24,137.59783935546875,139.17615657107172,134.62746828487894,138.03898075989613,104132700,140.29371643066406,134.64707946777344,146.30308532714844,144.2150115966797,139.2069593157087,152.2437494913737,4.22284948970694,-0.019215950249116598,1,0.0011398804916422645
2022-05-25,137.7546844482422,138.99968110716551,135.61757730341805,135.70580258630076,92482700,137.59783935546875,134.88233947753906,138.04879760742188,142.6758575439453,138.5039345877511,151.36492309570312,3.9499132452979855,0.0011398804916422645,2,0.023199659809804984
2022-05-26,140.95054626464844,141.49952360823443,134.44121569632296,134.68629593603174,90601500,137.7546844482422,140.29371643066406,134.64707946777344,146.30308532714844,137.7392861502511,150.5032216389974,2.4040671677795693,0.023199659809804984,3,0.040756668454700495
2022-05-27,146.69522094726562,146.73442720207444,142.40141055796454,142.5288570634857,90978500,140.95054626464844,137.59783935546875,134.88233947753906,138.04879760742188,138.97448948451452,149.99974517822267,4.165535449587074,0.040756668454700495,4,-0.005345951005105376
2022-05-31,145.91099548339844,147.69518714557083,143.95035319539198,146.13648011664895,103718400,146.69522094726562,137.7546844482422,140.29371643066406,134.64707946777344,140.58362034388952,149.47730763753256,4.385081463553595,-0.005345951005105376,1,-0.000873627949736222
2022-06-01,145.7835235595703,148.75389460714223,144.7737792988703,146.95009283292427,74286600,145.91099548339844,140.95054626464844,137.59783935546875,134.88233947753906,142.14093235560827,148.87459309895834,3.935553363770983,-0.000873627949736222,2,0.016811161820162734
2022-06-02,148.23431396484375,148.29313081917098,143.96991252402043,144.920824891666,72348100,145.7835235595703,146.69522094726562,137.7546844482422,140.29371643066406,143.27530343191964,148.35911916097004,4.427960220115121,0.016811161820162734,3,-0.03855544863837057
2022-06-03,142.51907348632812,145.05810131692076,141.61717995046743,144.0091506541789,88570300,148.23431396484375,145.91099548339844,140.95054626464844,137.59783935546875,143.97833687918526,147.6795669555664,3.7085370759220386,-0.03855544863837057,4,0.005227443301110357
2022-06-06,143.2640838623047,145.6462712304333,142.0484806619193,144.13656879270374,71598400,142.51907348632812,145.7835235595703,146.69522094726562,137.7546844482422,144.76539393833704,147.175922648112,2.580684003364991,0.005227443301110357,0,0.017585982678583578
2022-06-07,145.7835235595703,146.06781003090646,141.26424373812603,141.50932395629872,67808200,143.2640838623047,148.23431396484375,145.91099548339844,140.95054626464844,145.45581926618303,146.72069193522137,1.9624090114877182,0.017585982678583578,1,-0.005043400879771731
2022-06-08,145.04827880859375,146.9206802540853,144.55811838609154,145.6560729457736,53950200,145.7835235595703,142.51907348632812,145.7835235595703,146.69522094726562,145.22054181780135,146.43934122721353,1.88630057359603,-0.005043400879771731,2,-0.03595562495818383
2022-06-09,139.83297729492188,145.0384790561678,139.72514139394366,144.18560463111925,69473000,145.04827880859375,143.2640838623047,148.23431396484375,145.91099548339844,144.35225350516183,145.9916519165039,2.727038448282974,-0.03595562495818383,3,-0.038628586742999405
2022-06-10,134.43142700195312,137.98998215242344,134.3627973500884,137.5194322486073,91437900,139.83297729492188,145.7835235595703,142.51907348632812,145.7835235595703,142.73052542550224,145.13321990966796,4.52004209010842,-0.038628586742999405,4,-0.038285045183379385
2022-06-13,129.2847137451172,132.53937106937602,128.85337019356888,130.25522177759234,122207100,134.43142700195312,145.04827880859375,143.2640838623047,148.23431396484375,140.02343967982702,144.2986831665039,6.079811589674452,-0.038285045183379385,0,0.006672880273505655
2022-06-14,130.1474151611328,131.25518271689248,128.89260543359612,130.51014411570253,84784300,129.2847137451172,139.83297729492188,145.7835235595703,142.51907348632812,138.25605991908483,143.4827860514323,6.966908777243202,0.006672880273505655,1,0.020111166853336027
2022-06-15,132.76483154296875,134.63724775917188,129.5591934714462,131.6472664900923,91533000,130.1474151611328,134.43142700195312,145.04827880859375,143.2640838623047,136.75616673060827,142.7045405069987,6.838036215263143,0.020111166853336027,2,-0.03965123741563492
2022-06-16,127.50054168701172,129.784691319241,126.50061011925013,129.48079421494845,108123900,132.76483154296875,129.2847137451172,139.83297729492188,145.7835235595703,134.14431217738561,141.53742243448895,6.284549438469697,-0.03965123741563492,3,0.011533142158472787
2022-06-17,128.9710235595703,130.4611156124141,127.25546187351353,127.5103548974603,134520300,127.50054168701172,130.1474151611328,134.43142700195312,145.04827880859375,131.8475614275251,140.72114079793295,4.240958001977941,0.011533142158472787,4,0.032760763560450545
2022-06-21,133.1962127685547,134.36279718069025,130.69640612370614,130.79442925101708,81000500,128.9710235595703,132.76483154296875,129.2847137451172,139.83297729492188,130.89945220947266,140.021519724528,2.5714446291965274,0.032760763560450545,1,-0.003827292632372914
2022-06-22,132.68643188476562,135.04899374439103,131.27476747959807,132.1374396483602,73409200,133.1962127685547,127.50054168701172,130.1474151611328,134.43142700195312,130.65016719273157,139.47548039754233,2.2344803338559434,-0.003827292632372914,2,0.021573672067856764
2022-06-23,135.54896545410156,135.8626603415122,132.9609190593017,134.12750324123766,72433800,132.68643188476562,128.9710235595703,132.76483154296875,129.2847137451172,131.54506029401506,138.94480056762694,2.783443305909027,0.021573672067856764,3,0.024517250668301793
2022-06-24,138.87225341796875,139.117333627322,137.01944763359853,137.1468791706762,89116800,135.54896545410156,133.1962127685547,127.50054168701172,130.1474151611328,132.79146575927734,138.78664321899413,3.815429222133287,0.024517250668301793,4,0.0
2022-06-27,138.87225341796875,140.66624234545563,138.19582964679236,139.89178050713437,70207900,138.87225341796875,132.68643188476562,128.9710235595703,132.76483154296875,133.66395459856307,138.7572339375814,4.453306124677086,0.0,0,-0.029789481132676654
2022-06-28,134.73532104492188,140.59763645444562,134.61768731128618,139.33302894232776,67083400,138.87225341796875,135.54896545410156,133.1962127685547,127.50054168701172,134.69749450683594,138.44124425252278,3.527849835964149,-0.029789481132676654,1,0.01302364866012673
2022-06-29,136.4900665283203,137.90173093297278,133.98044756827542,134.75490940956817,66242400,134.73532104492188,138.87225341796875,132.68643188476562,128.9710235595703,135.77164350237166,138.23505121866862,2.4839021478556087,0.01302364866012673,2,-0.01802769878590449
2022-06-30,134.0294647216797,135.64698810352084,131.1375212724895,134.5490335635321,98964500,136.4900665283203,138.87225341796875,135.54896545410156,133.1962127685547,135.89067949567522,137.82593053181967,2.3566139461107483,-0.01802769878590449,3,0.01616438527713937
2022-07-01,136.1959686279297,136.3038045198631,132.9903302157903,133.36284196732555,71051600,134.0294647216797,134.73532104492188,138.87225341796875,132.68643188476562,136.3920418875558,137.7641695658366,1.8880424038462147,0.01616438527713937,4,0.01893042133542111
2022-07-05,138.7742156982422,138.82323473193733,134.2353254229341,135.05880629688934,73353800,136.1959686279297,136.4900665283203,138.87225341796875,135.54896545410156,136.85279192243303,137.90174077351887,2.035770318639687,0.01893042133542111,1,0.009607236384855389
2022-07-06,140.10745239257812,141.28383440664965,138.30366564043456,138.56835645511603,74064300,138.7742156982422,134.0294647216797,134.73532104492188,138.87225341796875,137.0292489188058,138.07591120402017,2.278990832383093,0.009607236384855389,2,0.023999676761762734
2022-07-07,143.46998596191406,143.66604717243726,140.4603932776671,140.47019110271424,66253700,140.10745239257812,136.1959686279297,136.4900665283203,138.87225341796875,137.68606785365515,138.18178685506186,3.3223823171235556,0.023999676761762734,3,0.004714516398865776
2022-07-08,144.14637756347656,144.64635079248632,142.1465295229667,142.40140757015126,64547800,143.46998596191406,138.7742156982422,134.0294647216797,134.73532104492188,139.03050449916296,138.40007146199545,3.799242712433687,0.004714516398865776,4,-0.014757625801900431
2022-07-11,142.0191192626953,143.75429187495894,140.9505728063945,142.80337916914598,63141600,144.14637756347656,140.10745239257812,136.1959686279297,136.4900665283203,139.82036917550224,138.54221928914387,3.757575920734141,-0.014757625801900431,0,0.006833405587940211
2022-07-12,142.98959350585938,145.5286208059207,142.19553604555907,142.89155544175705,77588800,142.0191192626953,143.46998596191406,138.7742156982422,134.0294647216797,141.1003875732422,138.61018753051758,2.8797146725975145,0.006833405587940211,1,-0.0025364514181355213
2022-07-13,142.6269073486328,143.56800712971256,139.3232154144063,140.17610485424197,71185600,142.98959350585938,144.14637756347656,140.10745239257812,136.1959686279297,142.0190931047712,138.4745770772298,1.9203011062210649,-0.0025364514181355213,2,0.020482183054449266
2022-07-14,145.5482177734375,146.01876752832248,140.43094244372892,141.2446104323155,78140700,142.6269073486328,142.0191192626953,143.46998596191406,138.7742156982422,142.98680768694197,138.46248448689778,1.707606950632284,0.020482183054449266,3,0.011450260036852233
2022-07-15,147.21478271484375,147.8912065060331,145.2835494113212,146.83245817528143,76259900,145.5482177734375,142.98959350585938,144.14637756347656,140.10745239257812,144.00214059012276,138.51019312540691,1.8195378800899311,0.011450260036852233,4,-0.02064310995963048
2022-07-18,144.17581176757812,148.58725611818477,143.8130828380742,147.77358792071823,81420900,147.21478271484375,142.6269073486328,142.0191192626953,143.46998596191406,144.10297284807478,138.3749097188314,1.804628849299379,-0.02064310995963048,0,0.026721860115025198
2022-07-19,148.02845764160156,148.25392726287154,144.01894870347078,145.0090674390563,82982400,144.17581176757812,145.5482177734375,142.98959350585938,144.14637756347656,144.65755571637834,138.5585558573405,2.337902318052103,0.026721860115025198,1,0.013509575574880417
2022-07-20,150.02825927734375,150.69488506925438,147.41080504881657,148.1460455048693,64823400,148.02845764160156,147.21478271484375,142.6269073486328,142.0191192626953,145.80171857561385,138.78402837117514,2.754211102202797,0.013509575574880417,2,0.01509471075395541
2022-07-21,152.2928924560547,152.5085642998164,148.94999383626106,151.45961351801952,65086600,150.02825927734375,144.17581176757812,145.5482177734375,142.98959350585938,147.1307612827846,139.0010073343913,3.3510416810490677,0.01509471075395541,3,-0.008110980959489034
2022-07-22,151.05764770507812,153.20455292364784,150.3910366563313,152.33206789895848,66675400,152.2928924560547,148.02845764160156,147.21478271484375,142.6269073486328,148.33515276227678,139.20131963094076,2.9540567290612088,-0.008110980959489034,4,-0.007398294536589689
2022-07-25,149.94007873535156,151.9889458272938,149.28326552705713,150.97921649648936,53623900,151.05764770507812,150.02825927734375,144.17581176757812,145.5482177734375,148.96256147112166,139.5382230122884,2.7206615581068383,-0.007398294536589689,0,-0.008826259432046513
2022-07-26,148.61666870117188,150.07733740905363,147.8324089141252,149.26366918886245,55138700,149.94007873535156,152.2928924560547,148.02845764160156,147.21478271484375,149.16283089773995,140.01106440226238,2.6203101663512562,-0.008826259432046513,1,0.03423447972235816
2022-07-27,153.70448303222656,154.2338646113094,149.1656081545016,149.57734107239523,78620700,148.61666870117188,151.05764770507812,150.02825927734375,144.17581176757812,150.5240696498326,140.82505671183267,1.9992331834978994,0.03423447972235816,2,0.003571762910549392
2022-07-28,154.25347900390625,154.53776544520662,151.37133354934207,153.89075014754778,81378700,153.70448303222656,149.94007873535156,152.2928924560547,148.02845764160156,151.4133584158761,141.62859217325845,2.086710856856601,0.003571762910549392,3,0.03279324208667855
2022-07-29,159.31195068359375,160.40992030893383,156.36119003723385,158.06695385906744,101786900,154.25347900390625,148.61666870117188,151.05764770507812,150.02825927734375,152.7396000453404,142.51349614461262,3.5185938330236657,0.03279324208667855,4,-0.006153533471230044
2022-08-01,158.3316192626953,160.3706884793457,157.72382510643268,157.84145882480365,67829400,159.31195068359375,153.70448303222656,149.94007873535156,152.2928924560547,153.60227530343192,143.54119873046875,4.085435236324872,-0.006153533471230044,0,-0.009287499032662572
2022-08-02,156.86111450195312,159.21389322725332,156.4886027966237,156.94935473605096,59907000,158.3316192626953,154.25347900390625,148.61666870117188,151.05764770507812,154.43134198869978,144.4708684285482,4.071816317656335,-0.009287499032662572,1,0.03824786844421957
2022-08-03,162.8607177734375,163.311657015849,157.58658648416494,157.67481177613547,82507500,156.86111450195312,159.31195068359375,153.70448303222656,149.94007873535156,156.2771475655692,145.45968526204427,4.5918781862585165,0.03824786844421957,2,-0.0019262192174073212
2022-08-04,162.54701232910156,163.89986001020398,161.19416464799912,162.74307352499065,55474100,162.8607177734375,158.3316192626953,154.25347900390625,148.61666870117188,158.26719665527344,146.45503794352214,3.638183423305588,-0.0019262192174073212,3,-0.0013891338715578128
2022-08-05,162.3212127685547,162.81205403488926,160.01425282506756,160.22041274781424,56697000,162.54701232910156,156.86111450195312,159.31195068359375,153.70448303222656,159.49815804617745,147.34744618733723,3.2768913406159306,-0.0013891338715578128,4,-0.002902927208355277
2022-08-08,161.85000610351562,164.73615535552312,161.1922805564501,163.32253000929188,60276900,162.3212127685547,162.8607177734375,158.3316192626953,154.25347900390625,160.58337620326452,148.11337127685547,2.387772429074349,-0.002902927208355277,0,0.00030319594547068007
2022-08-09,161.89907836914062,162.78260161908204,160.2596703687026,161.01557009848565,63135500,161.85000610351562,162.54701232910156,156.86111450195312,159.31195068359375,160.95296587262834,148.8809321085612,2.3582167241937446,0.00030319594547068007,1,0.02619474925020393
2022-08-10,166.13998413085938,166.23814341245296,163.8428352480907,164.60854654925055,70170500,161.89907836914062,162.3212127685547,162.8607177734375,158.3316192626953,162.06844656808036,149.9277542114258,2.729185983583491,0.02619474925020393,2,-0.004431606838627311
2022-08-11,165.40371704101562,167.85792369494868,165.10920924668594,166.94495103045548,57149200,166.13998413085938,161.85000610351562,162.54701232910156,156.86111450195312,163.288818359375,150.89154256184895,1.7451507822024874,-0.004431606838627311,3,0.02142575511319378
2022-08-12,168.94761657714844,169.01632658420414,166.29706102264856,166.70938098214606,68039400,165.40371704101562,161.89907836914062,162.3212127685547,162.8607177734375,164.1583753313337,152.05548095703125,2.7331035283828142,0.02142575511319378,4,0.006333367382724386
2022-08-15,170.0176239013672,170.2139574393794,168.21133138479297,168.37821564106778,54091700,168.94761657714844,166.13998413085938,161.85000610351562,162.54701232910156,165.22560555594308,153.18286946614583,3.380842350543906,0.006333367382724386,0,-0.0009240482755989987
2022-08-16,169.8605194091797,170.52807128910433,168.5156191962962,169.61509878760032,56377100,170.0176239013672,165.40371704101562,161.89907836914062,162.3212127685547,166.30264936174666,154.21907958984374,3.5001746490124575,-0.0009240482755989987,1,0.008784691383266097
2022-08-17,171.35269165039062,172.92337473871223,169.40896440067246,169.6052979143018,79542000,169.8605194091797,168.94761657714844,166.13998413085938,161.85000610351562,167.66017586844308,155.26058756510417,3.3237549814146377,0.008784691383266097,2,-0.002291587450143684
2022-08-18,170.96002197265625,171.6962839363271,169.94889007422466,170.56735491708034,62290100,171.35269165039062,170.0176239013672,165.40371704101562,161.89907836914062,168.95459638323103,156.1769220987956,2.318553848492729,-0.002291587450143684,3,-0.01510205786557628
2022-08-19,168.378173828125,170.55751001123525,168.1720139278697,169.8605088981945,70346300,170.96002197265625,169.8605194091797,168.94761657714844,166.13998413085938,169.2743377685547,156.98464864095052,1.9978626348581976,-0.01510205786557628,4,-0.023029077379700946
2022-08-22,164.50057983398438,166.74862666169574,164.07844847706937,166.58174239756778,69026800,168.378173828125,171.35269165039062,170.0176239013672,165.40371704101562,169.14531816755022,157.7340306599935,2.296347398438445,-0.023029077379700946,0,-0.002029272654583969
2022-08-23,164.16676330566406,165.61966421752064,163.59738564765863,164.01951691966545,54147100,164.50057983398438,170.96002197265625,169.8605194091797,168.94761657714844,168.46233912876673,158.43993631998697,2.975482265334803,-0.002029272654583969,1,0.0017940607498974082
2022-08-24,164.46128845214844,165.03066617037743,163.2047358944321,164.25514348994625,53841500,164.16676330566406,168.378173828125,171.35269165039062,170.0176239013672,167.66857692173548,159.1677490234375,3.222319427879573,0.0017940607498974082,2,0.014922526021431404
2022-08-25,166.91546630859375,167.02345197761028,165.2662469773801,165.6883632421721,51218200,164.46128845214844,164.50057983398438,170.96002197265625,169.8605194091797,167.24785505022322,159.87999064127604,3.0774331957797796,0.014922526021431404,3,-0.03769924632771704
2022-08-26,160.6228790283203,167.91678748247466,160.56398047750997,167.44558409670634,78961000,166.91546630859375,164.16676330566406,168.378173828125,171.35269165039062,165.71502467564173,160.3269271850586,3.3520444389199757,-0.03769924632771704,4,-0.01369010507780255
2022-08-29,158.42393493652344,159.91608162954805,156.89251255304256,158.19813716461735,73314000,160.6228790283203,164.46128845214844,164.50057983398438,170.96002197265625,163.92415509905135,160.80186462402344,3.4306633852813007,-0.01369010507780255,0,-0.015305508679003266
2022-08-30,155.99917602539062,159.58231130465205,154.8309714061125,159.16019500251252,77906200,158.42393493652344,166.91546630859375,164.16676330566406,168.378173828125,162.15572684151786,161.06755523681642,3.9092273009591167,-0.015305508679003266,1,-0.010635040898661297
2022-08-31,154.34011840820312,157.63857209111154,154.261582013457,157.37351363125413,87991100,155.99917602539062,160.6228790283203,164.46128845214844,164.50057983398438,160.70423235212053,161.2112838745117,4.699820819292912,-0.010635040898661297,2,0.004707047095384942
2022-09-01,155.0666046142578,155.51817026416148,151.836860169279,153.77077627080038,74229900,154.34011840820312,158.42393493652344,166.91546630859375,164.16676330566406,159.40420968191964,161.30374094645182,4.838960076055889,0.004707047095384942,3,-0.013611192975706121
2022-09-02,152.95596313476562,157.42262194968552,152.13135334781393,156.82379496598037,76957800,155.0666046142578,155.99917602539062,160.6228790283203,164.46128845214844,157.7605917794364,161.3670181274414,4.788679130425261,-0.013611192975706121,4,-0.008214983816038912
2022-09-06,151.69943237304688,154.21253778677115,150.87482246778544,153.60389928231007,73714800,152.95596313476562,154.34011840820312,158.42393493652344,166.91546630859375,155.58687264578683,161.42566324869793,3.09405959019645,-0.008214983816038912,1,0.009253781065632793
2022-09-07,153.1032257080078,153.80021196934476,150.79626559392008,151.9841081371773,87449600,151.69943237304688,155.0666046142578,155.99917602539062,160.6228790283203,154.51263645717077,161.5752151489258,2.2423383104182943,0.009253781065632793,2,-0.009617817744132728
2022-09-08,151.63070678710938,153.49589780674214,149.88329791132227,151.8074024718103,84923800,153.1032257080078,152.95596313476562,154.34011840820312,158.42393493652344,153.54217529296875,161.50608927408854,1.6624873593626475,-0.009617817744132728,3,0.01883968132092617
2022-09-09,154.4873809814453,154.92915012061422,151.91537744584716,152.62219009337275,68028800,151.63070678710938,151.69943237304688,155.0666046142578,155.99917602539062,153.32620457240515,161.51388600667318,1.3609581826581838,0.01883968132092617,4,0.038508032754258625
2022-09-12,160.43638610839844,161.25118449428555,156.38204700518378,156.66672837890903,104956000,154.4873809814453,153.1032257080078,152.95596313476562,154.34011840820312,154.19709995814733,161.5513671875,3.0367387070032756,0.038508032754258625,0,-0.05867956382314887
2022-09-13,151.0220489501953,157.59931943362142,150.56065692569356,156.97104316313002,122656600,160.43638610839844,151.63070678710938,151.69943237304688,155.0666046142578,153.61930629185267,161.30771484375,3.2228011562950645,-0.05867956382314887,1,0.009555255072023705
2022-09-14,152.46510314941406,154.22232317214238,150.79624593389804,151.95462406702927,87965400,151.0220489501953,154.4873809814453,153.1032257080078,152.95596313476562,153.54918343680245,161.1611811319987,3.244904313033467,0.009555255072023705,2,-0.018929932917018277
2022-09-15,149.57894897460938,152.39638777057854,148.60709294324934,151.81718374523024,90481100,152.46510314941406,160.43638610839844,151.63070678710938,151.69943237304688,153.24625723702567,160.71845550537108,3.532592454883575,-0.018929932917018277,3,-0.010960025119338246
2022-09-16,147.93955993652344,148.57766259301448,145.65223775657734,148.44022763272653,162278800,149.57894897460938,151.0220489501953,154.4873809814453,153.1032257080078,152.5085906982422,160.23154042561848,4.066258957928094,-0.010960025119338246,4,0.025082908156029537
2022-09-19,151.6503143310547,151.7288507316376,146.36887246061372,146.57501740526791,81474200,147.93955993652344,152.46510314941406,160.43638610839844,151.63070678710938,152.51139177594865,159.87584381103517,4.065560123697089,0.025082908156029537,0,0.015665355778581525
2022-09-20,154.02597045898438,155.1843635395565,150.2759512881002,150.59008188296497,107689800,151.6503143310547,149.57894897460938,151.0220489501953,154.4873809814453,152.44547598702567,159.61504262288412,4.031783635990342,0.015665355778581525,1,-0.02026778424064557
2022-09-21,150.90420532226562,155.83225469407418,150.78640823888065,154.4578904776889,101696800,154.02597045898438,147.93955993652344,152.46510314941406,160.43638610839844,151.083735874721,159.24854685465496,1.9609603720548088,-0.02026778424064557,2,-0.0063748412735809
2022-09-22,149.9422149658203,151.64052177438083,148.14573389948876,149.58880860884872,86652500,150.90420532226562,151.6503143310547,149.57894897460938,151.0220489501953,150.92947387695312,158.7086212158203,2.0085185604373974,-0.0063748412735809,3,-0.015124031036940155
2022-09-23,147.6744842529297,148.69544239271363,145.83874285871622,148.42057250414538,96029900,149.9422149658203,154.02597045898438,147.93955993652344,152.46510314941406,150.24509974888392,158.11764678955078,2.2046581520952055,-0.015124031036940155,4,0.0022601788903588993
2022-09-26,148.0082550048828,150.95330211261015,146.8989491342679,146.91858697585232,93339400,147.6744842529297,150.90420532226562,151.6503143310547,149.57894897460938,150.02071489606584,157.41966807047527,2.358332144584362,0.0022601788903588993,0,0.006566480433910948
2022-09-27,148.9801483154297,151.88593544780034,147.20330517830297,149.9422080635759,84442700,148.0082550048828,149.9422149658203,154.02597045898438,147.93955993652344,150.16937037876673,156.71841888427736,2.2348477465078913,0.006566480433910948,1,-0.012651426533530796
2022-09-28,147.0953369140625,147.88068609523327,142.18692325585735,144.93563790031018,146691400,148.9801483154297,147.6744842529297,150.90420532226562,151.6503143310547,149.51865931919642,155.95957946777344,2.3895529313870925,-0.012651426533530796,2,-0.04911940199418263
2022-09-29,139.87010192871094,144.0324406309188,138.1030706410149,143.4238023459897,128138200,147.0953369140625,148.0082550048828,149.9422149658203,154.02597045898438,147.49639238630022,154.9101598103841,3.6150527991268153,-0.04911940199418263,3,-0.030039075868101395
2022-09-30,135.6685333251953,140.4787870882612,135.47219979960417,138.69211755301987,124925300,139.87010192871094,148.9801483154297,147.6744842529297,150.90420532226562,145.31986781529017,153.73377685546876,5.377978042415344,-0.030039075868101395,4,0.030752635225970826
2022-10-03,139.8406982421875,140.44935170481597,135.16789396191243,135.67837316238783,114311700,135.6685333251953,147.0953369140625,148.0082550048828,149.9422149658203,143.87679399762834,152.78252766927082,5.285417969540762,0.030752635225970826,0,0.02562294044475477
2022-10-04,143.423828125,143.54162523892447,141.61752082886468,142.3734205948832,87830100,139.8406982421875,139.87010192871094,148.9801483154297,147.6744842529297,143.2695574079241,152.07996927897136,5.013572105659695,0.02562294044475477,1,0.002053530088652167
2022-10-05,143.71835327148438,144.68041318278895,140.39044924017614,141.43104557154376,79471000,143.423828125,135.6685333251953,147.0953369140625,148.0082550048828,142.6567143031529,151.39835561116536,4.581349103815072,0.002053530088652167,2,-0.006625843028027378
2022-10-06,142.76609802246094,144.83744897574385,142.5599530580835,143.13914221609966,68402200,143.71835327148438,139.8406982421875,139.87010192871094,148.9801483154297,141.7689928327288,150.67518259684246,3.6615652138858317,-0.006625843028027378,3,-0.03671882072426136
2022-10-07,137.52389526367188,140.47876912027488,136.89561907456743,139.9290143479333,85925600,142.76609802246094,143.423828125,135.6685333251953,147.0953369140625,140.40164402553015,149.69546356201172,3.082363045550655,-0.03671882072426136,4,0.002355880536563326
2022-10-10,137.84788513183594,139.2909599221613,136.03178109548642,137.84788513183594,74899000,137.52389526367188,143.71835327148438,139.8406982421875,139.87010192871094,140.11275591169084,148.93629709879556,3.231633352699186,0.002355880536563326,0,-0.01025536974267982
2022-10-11,136.4342041015625,138.76080137670354,135.68813093384563,137.33735003488815,77033700,137.84788513183594,142.76609802246094,143.423828125,135.6685333251953,140.22213745117188,148.20330607096355,3.0647893764197773,-0.01025536974267982,1,-0.004604560920988265
2022-10-12,135.8059844970703,137.78898779453905,135.62928879673916,136.58152223774053,70433700,136.4342041015625,137.52389526367188,143.71835327148438,139.8406982421875,139.64574977329798,147.5301996866862,3.497355078921078,-0.004604560920988265,2,0.033612687202653424
2022-10-13,140.37078857421875,140.95978909716513,131.90867508719168,132.51732843397534,113224000,135.8059844970703,137.84788513183594,142.76609802246094,143.423828125,139.20960126604353,147.0645553588867,3.117402280663363,0.033612687202653424,3,-0.032240030263040564
2022-10-14,135.84523010253906,141.87276009592642,135.65870802953629,141.66660017858484,88598000,140.37078857421875,136.4342041015625,137.52389526367188,143.71835327148438,138.08486938476562,146.42384287516276,2.596285099997913,-0.032240030263040564,4,0.029122676996654828
2022-10-17,139.80140686035156,140.282421693242,137.70060693296034,138.48595592005591,85250900,135.84523010253906,135.8059844970703,137.84788513183594,142.76609802246094,137.66134207589286,145.98535766601563,1.8358081599127476,0.029122676996654828,0,0.009409491897260702
2022-10-18,141.1168670654297,144.0128276023933,138.03438444661543,142.82500010106065,99136600,139.80140686035156,140.37078857421875,136.4342041015625,137.52389526367188,138.17462376185827,145.63260548909506,2.247172456781463,0.009409491897260702,1,0.0007652270946834072
2022-10-19,141.224853515625,142.2948839097448,138.9080820775627,139.09460416043055,61758300,141.1168670654297,135.84523010253906,135.8059844970703,137.84788513183594,138.65704781668526,145.23665974934895,2.5121941585258036,0.0007652270946834072,2,-0.003266772638242821
2022-10-20,140.7635040283203,143.21771116667537,140.03705332282223,140.4002861652171,64522000,141.224853515625,139.80140686035156,140.37078857421875,136.4342041015625,139.27551923479353,144.87441965738932,2.404346490051666,-0.003266772638242821,3,0.027058852733695238
2022-10-21,144.57240295410156,145.1417806685085,140.03701908535325,140.25299045906925,86548600,140.7635040283203,141.1168670654297,135.84523010253906,135.8059844970703,140.52786472865515,144.5439203898112,2.5731308249217086,0.027058852733695238,4,0.01480268973245269
2022-10-24,146.71246337890625,147.47817461798252,143.3256613631015,144.49386606815804,75981900,144.57240295410156,141.224853515625,139.80140686035156,140.37078857421875,141.43381827218192,144.08645629882812,3.469037768559787,0.01480268973245269,0,0.019337598081653695
2022-10-25,149.54953002929688,149.69679141311283,146.62411995147127,147.34074408565283,74732300,146.71246337890625,140.7635040283203,141.1168670654297,135.84523010253906,143.3915754045759,144.03737233479816,3.651668726002457,0.019337598081653695,1,-0.019627017089693388
2022-10-26,146.61431884765625,149.2059606049606,145.32830191392304,148.19482861119383,88194300,149.54953002929688,144.57240295410156,141.224853515625,139.80140686035156,144.36484854561942,143.84234619140625,3.4369086832313567,-0.019627017089693388,2,-0.03046537051090925
2022-10-27,142.1476593017578,146.3198108162611,141.48993368404496,145.35776595535313,109180200,146.61431884765625,146.71246337890625,140.7635040283203,141.1168670654297,144.51210457938058,143.59463653564453,3.2936505039320947,-0.03046537051090925,3,0.07555248406764048
2022-10-28,152.88726806640625,154.6150242142885,145.11234293200243,145.48537216958695,164762400,142.1476593017578,149.54953002929688,144.57240295410156,141.224853515625,146.17816380092077,143.75956013997396,4.183217908556383,0.07555248406764048,4,-0.015410564472504995
2022-10-31,150.53118896484375,151.4147121907347,149.1372016307876,150.35449330723716,97943200,152.88726806640625,146.61431884765625,146.71246337890625,140.7635040283203,147.57354736328125,143.72225596110027,3.6741550739543203,-0.015410564472504995,0,-0.01754275529000293
2022-11-01,147.8904571533203,152.60253597457515,146.3983105936967,152.23931825640548,80379300,150.53118896484375,142.1476593017578,149.54953002929688,144.57240295410156,148.04755510602678,143.51773885091146,3.4282472128328547,-0.01754275529000293,1,-0.03730493619113784
2022-11-02,142.3734130859375,149.38262560122348,142.34396380900958,146.22160672381153,93604600,147.8904571533203,152.88726806640625,146.61431884765625,146.71246337890625,147.42769077845983,143.2333791097005,4.046419589504732,-0.03730493619113784,2,-0.04240495557405621
2022-11-03,136.33607482910156,140.18426855678922,136.20845130657773,139.45781809061094,97918500,142.3734130859375,150.53118896484375,142.1476593017578,149.54953002929688,145.54005432128906,142.77984110514322,5.65421099368361,-0.04240495557405621,3,-0.001947415091862581
2022-11-04,136.07057189941406,140.28896920604143,132.1373281619349,139.71864706361086,140814800,136.33607482910156,147.8904571533203,152.88726806640625,146.61431884765625,144.03380475725447,142.3930440266927,6.638977714830145,-0.001947415091862581,4,0.003902317695691382
2022-11-07,136.6015625,136.827719829141,133.40580174577732,134.82177198830993,83374600,136.07057189941406,142.3734130859375,150.53118896484375,142.1476593017578,143.2415052141462,142.0128209431966,7.208128061630975,0.003902317695691382,0,0.00417511885187305
2022-11-08,137.17189025878906,139.06967336647747,135.19544046730184,138.06670690734794,89908500,136.6015625,136.33607482910156,147.8904571533203,152.88726806640625,140.99645124162947,141.61921234130858,6.058881555822294,0.00417511885187305,1,-0.03318988393045952
2022-11-09,132.61917114257812,136.23776400792798,132.34384521853534,136.18859544917655,74917800,137.17189025878906,136.07057189941406,142.3734130859375,150.53118896484375,138.43759155273438,141.1366734822591,5.061184517156368,-0.03318988393045952,2,0.08897464484722128
2022-11-10,144.41891479492188,144.41891479492188,137.1719158689749,138.88288280173376,118854000,132.61917114257812,136.6015625,136.33607482910156,147.8904571533203,137.94165693010603,141.28830057779948,4.049515072111774,0.08897464484722128,3,0.01926856579195113
2022-11-11,147.20166015625,147.50648417895965,141.96061049585242,143.38642351170455,93979700,144.41891479492188,137.17189025878906,136.07057189941406,142.3734130859375,138.63140651157923,141.67273813883463,5.182797662186736,0.01926856579195113,4,-0.009485635338956855
2022-11-14,145.80535888671875,147.77198095425382,144.96953850636208,146.48384590068005,73374100,147.20166015625,132.61917114257812,136.6015625,136.33607482910156,139.98416137695312,141.871560160319,5.6943799005487366,-0.009485635338956855,0,0.011869394589503424
2022-11-15,147.53598022460938,151.02673737922098,146.08068410249945,149.67960607049233,89868300,145.80535888671875,144.41891479492188,137.17189025878906,136.07057189941406,141.62207685198103,142.00863189697264,6.020661512608005,0.011869394589503424,1,-0.008331232098565788
2022-11-16,146.30682373046875,147.36880131400713,144.83185736513215,146.6411608430867,64218300,147.53598022460938,147.20166015625,132.61917114257812,136.6015625,143.00854274204798,142.09491424560548,5.784684745129594,-0.008331232098565788,2,0.012971660233174198
2022-11-17,148.2046661376953,148.95197725260945,143.71092672522755,143.98625266251898,80389400,146.30682373046875,145.80535888671875,144.41891479492188,137.17189025878906,144.58465358189173,142.2761998494466,5.420943553776033,0.012971660233174198,3,0.0037816307466655985
2022-11-18,148.76512145996094,150.15159363499748,147.4671586821555,149.76810292744864,74829600,148.2046661376953,147.53598022460938,147.20166015625,132.61917114257812,146.89121791294642,142.65090738932292,1.4934101167204525,0.0037816307466655985,4,-0.021680048076454628
2022-11-21,145.53988647460938,147.8605015253363,145.25473282614936,147.6540145740021,58724100,148.76512145996094,146.30682373046875,145.80535888671875,144.41891479492188,147.05135672433036,142.90730743408204,1.2190122734411846,-0.021680048076454628,0,0.014661197793858882
2022-11-22,147.67367553710938,147.9096756373434,144.47791399161687,145.65789948864827,51804100,145.53988647460938,148.2046661376953,147.53598022460938,147.20166015625,147.11878749302454,143.2819564819336,1.2415586145329771,0.014661197793858882,1,0.00592625994245477
2022-11-23,148.548828125,149.29613922514196,146.84768896962234,146.95585380028717,58301400,147.67367553710938,148.76512145996094,146.30682373046875,145.80535888671875,147.51071166992188,143.70671793619792,1.1897826371587619,0.00592625994245477,2,-0.019593651800623224
2022-11-25,145.63821411132812,146.3953678932279,144.66473067745702,145.83487333926465,35195900,148.548828125,145.53988647460938,148.2046661376953,147.53598022460938,147.2396022251674,143.8822987874349,1.3835101874065188,-0.019593651800623224,4,-0.026264318910506623
2022-11-28,141.81312561035156,144.19273663104678,140.98714790150922,142.71777000634123,69246000,145.63821411132812,147.67367553710938,148.76512145996094,146.30682373046875,146.59764535086495,144.08122863769532,2.489190462903876,-0.026264318910506623,0,-0.021148467295361018
2022-11-29,138.81399536132812,142.39324637035057,138.00768824052855,141.88192051073784,83763800,141.81312561035156,148.548828125,145.53988647460938,148.2046661376953,145.25612095424108,144.0483149210612,3.709925703811929,-0.021148467295361018,1,0.048594013573676875
2022-11-30,145.5595245361328,146.23801151936658,138.20436253781247,139.04016787618127,111380900,138.81399536132812,145.63821411132812,147.67367553710938,148.76512145996094,144.79817853655135,144.19640350341797,3.388516950568838,0.048594013573676875,2,0.0018916305855647408
2022-12-01,145.83486938476562,146.64119170281938,144.16324348642758,145.73654727553216,71250400,145.5595245361328,141.81312561035156,148.548828125,145.53988647460938,144.84031895228796,144.35007069905598,3.4010892689616767,0.0018916305855647408,3,-0.003371407011547256
2022-12-02,145.34320068359375,145.53003217962117,143.21924526160134,143.52408428382984,65447400,145.83486938476562,138.81399536132812,145.63821411132812,147.67367553710938,144.50739397321428,144.50272725423176,3.1846914162330426,-0.003371407011547256,4,-0.007983129404363964
2022-12-05,144.1829071044922,148.4013049961633,143.33725898348703,145.3038811249747,68826400,145.34320068359375,145.5595245361328,141.81312561035156,148.548828125,143.8836909702846,144.4897440592448,2.6426823549025924,-0.007983129404363964,0,-0.025370056272661423
2022-12-06,140.5249786376953,144.84171332835018,139.55149534602168,144.61555599946504,64727200,144.1829071044922,145.83486938476562,138.81399536132812,145.63821411132812,143.15322875976562,144.2834945678711,2.7799937639959915,-0.025370056272661423,1,-0.01378486977228266
2022-12-07,138.58786010742188,140.97729872796708,137.6635453309665,139.81699890501977,69721100,140.5249786376953,145.34320068359375,145.5595245361328,141.81312561035156,142.6924765450614,143.91810557047526,3.2642216587416986,-0.01378486977228266,2,0.012132790839168184
2022-12-08,140.26931762695312,141.12480845757423,138.7451974772698,139.9841640195035,62128300,138.58786010742188,144.1829071044922,145.83486938476562,138.81399536132812,142.90037972586495,143.70660552978515,3.012678070701293,0.012132790839168184,3,-0.003434794385538953
2022-12-09,139.7875213623047,143.14061609699272,138.5485396692002,139.9645101732408,76097000,140.26931762695312,140.5249786376953,145.34320068359375,145.5595245361328,142.07580784388952,143.62793426513673,2.9528737272898065,-0.003434794385538953,4,0.01638992633538594
2022-12-12,142.07862854003906,142.08845624970894,138.70586361029962,140.31849324023466,70462700,139.7875213623047,138.58786010742188,144.1829071044922,145.83486938476562,141.53920200892858,143.26764628092448,2.4552875944698793,0.01638992633538594,0,0.006782537066660543
2022-12-13,143.0422821044922,147.46718252429508,141.8328135242381,147.00502505789572,93886200,142.07862854003906,140.26931762695312,140.5249786376953,145.34320068359375,141.2104993547712,143.01801605224608,1.9665176006595029,0.006782537066660543,1,-0.015535896144603711
2022-12-14,140.8199920654297,144.21241242784126,138.80420126905452,142.92427726159215,82291200,143.0422821044922,139.7875213623047,138.58786010742188,144.1829071044922,140.73008292061942,142.78233388264974,1.4665627218788837,-0.015535896144603711,2,-0.04685419382130618
2022-12-15,134.22198486328125,139.43353745953314,133.7598273780729,138.75505030022137,98931900,140.8199920654297,142.07862854003906,140.26931762695312,140.5249786376953,139.82965523856026,142.5106196085612,2.873520482670383,-0.04685419382130618,3,-0.014579078738370721
2022-12-16,132.26515197753906,135.35274779526193,131.49817062820333,134.4087776749108,160156900,134.22198486328125,143.0422821044922,139.7875213623047,138.58786010742188,138.92641122000558,142.3749221801758,4.07249771689843,-0.014579078738370721,4,-0.01590931560893938
2022-12-19,130.16090393066406,132.94367653807714,129.12843913282236,132.8551821275431,79592600,132.26515197753906,140.8199920654297,142.07862854003906,140.26931762695312,137.48235212053572,142.1779332478841,5.163090152986674,-0.01590931560893938,0,-0.000528708211096407
2022-12-20,130.0920867919922,131.02622951755586,127.72230297983688,129.19726991624464,77432800,130.16090393066406,134.22198486328125,143.0422821044922,139.7875213623047,136.0972900390625,141.96095072428386,5.712828213379977,-0.000528708211096407,1,0.023809381383262274
2022-12-21,133.1894989013672,134.52680273214906,130.53456166494178,130.7607190395491,85928000,130.0920867919922,132.26515197753906,140.8199920654297,142.07862854003906,134.8274143763951,141.8282043457031,5.118743120797894,0.023809381383262274,2,-0.023772822251909687
2022-12-22,130.02320861816406,132.31432503613755,128.1254256005218,132.10783812958184,77852100,133.1894989013672,130.16090393066406,134.22198486328125,143.0422821044922,132.96754673549108,141.74167226155598,3.8425636951089297,-0.023772822251909687,3,-0.0027980797542506153
2022-12-23,129.65939331054688,130.21004508793624,127.47644161865644,128.73507853958515,63814900,130.02320861816406,130.0920867919922,132.26515197753906,140.8199920654297,131.37317548479353,141.24968821207682,1.8294178552096239,-0.0027980797542506153,4,-0.013878490231905016
2022-12-27,127.85991668701172,129.21689054689435,126.5717817929533,129.18739241986506,69007800,129.65939331054688,133.1894989013672,130.16090393066406,134.22198486328125,130.46430860246932,140.60496342976887,1.757157627651958,-0.013878490231905016,1,-0.030685031883144864
2022-12-28,123.93653106689452,128.84325132058044,123.76936998157429,127.50594763388185,85438400,127.85991668701172,130.02320861816406,130.0920867919922,132.26515197753906,129.27450561523438,139.8760025024414,2.8279863927031847,-0.030685031883144864,2,0.028324412117275655
2022-12-29,127.44696044921876,128.30243635978945,125.59833816334044,125.8539936642562,75703700,123.93653106689452,129.65939331054688,133.1894989013672,130.16090393066406,128.88679940359933,139.20636850992838,2.8719055473771835,0.028324412117275655,3,0.0024685825474080048
2022-12-30,127.7615737915039,127.78124421000796,125.30330412522042,126.26695207612292,77034200,127.44696044921876,127.85991668701172,130.02320861816406,130.0920867919922,128.55386897495814,138.58819351196288,2.8438402772667075,0.0024685825474080048,4,-0.03740453297256974
2023-01-03,122.9827117919922,128.71540946850325,122.09773035328112,128.10576142344397,112117500,127.7615737915039,123.93653106689452,129.65939331054688,133.1894989013672,127.09575653076172,137.74746170043946,2.682991159722089,-0.03740453297256974,1,0.010314282187077861
2023-01-04,124.25119018554688,126.51280869797894,122.99255318811517,124.77234386397704,89113600,122.9827117919922,127.44696044921876,127.85991668701172,130.02320861816406,126.27118246895927,136.930330657959,2.515047205103532,0.010314282187077861,2,-0.010604787517410674
2023-01-05,122.93353271484376,125.63763785036863,122.67787726715528,125.0083194371755,80962700,124.25119018554688,127.7615737915039,123.93653106689452,129.65939331054688,125.31034524100167,136.17678553263346,2.278532078155007,-0.010604787517410674,3,0.036794246982463585
2023-01-06,127.45677947998048,128.115596113896,122.80572219640976,123.907033324828,87754700,122.93353271484376,122.9827117919922,127.44696044921876,127.85991668701172,125.25275421142578,135.50288899739584,2.2073324354759802,0.036794246982463585,4,0.004088946406428873
2023-01-09,127.97794342041016,131.18354745345354,127.72228791640812,128.292610198386,70790800,127.45677947998048,124.25119018554688,127.7615737915039,123.93653106689452,125.83009883335659,134.81719284057618,2.3307661135158386,0.004088946406428873,0,0.004456274693616535
2023-01-10,128.54824829101562,129.06940194282927,125.98180587179893,128.0860909010472,63896200,127.97794342041016,122.93353271484376,122.9827117919922,127.44696044921876,125.98742566789899,134.2475273132324,2.4898345632704078,0.004456274693616535,1,0.021112136950417915
2023-01-11,131.26217651367188,131.28183192855658,128.28274570808514,129.0595547117696,69458900,128.54824829101562,127.45677947998048,124.25119018554688,127.7615737915039,126.48751177106585,133.89582901000978,3.1654501802313693,0.021112136950417915,2,-0.0005993677576879852
2023-01-12,131.18350219726562,132.01930740516633,129.24637865052426,131.6456594903947,71379600,131.26217651367188,127.97794342041016,122.93353271484376,122.9827117919922,127.65905325753349,133.64147923787434,3.1696894187811546,-0.0005993677576879852,3,0.010119175428585203
2023-01-13,132.51097106933594,132.66830441383743,129.4627162913207,129.82653652186357,57809700,131.18350219726562,128.54824829101562,127.45677947998048,124.25119018554688,128.83902195521765,133.20652745564777,3.2265275171012857,0.010119175428585203,4,0.008756553107301723
2023-01-17,133.6713104248047,134.99877137842552,131.89151977321038,132.5798345273993,63646600,132.51097106933594,131.26217651367188,127.97794342041016,122.93353271484376,130.37299019949776,132.80107549031575,2.3967922165392803,0.008756553107301723,1,-0.0053699178439783335
2023-01-18,132.95350646972656,136.2967583598761,132.77650266153844,134.53663801277594,69672800,133.6713104248047,131.18350219726562,128.54824829101562,127.45677947998048,131.15823691231864,132.38808568318686,2.1720255537130004,-0.0053699178439783335,2,0.000443577768593828
2023-01-19,133.01248168945312,133.97612225756075,131.53751520588366,131.8423392118264,58280400,132.95350646972656,132.51097106933594,131.26217651367188,127.97794342041016,131.87745666503906,132.0157381693522,1.7324927929539407,0.000443577768593828,3,0.0192209432809467
2023-01-20,135.56910705566406,135.71661273457056,131.98002726434026,133.02233471040634,80223600,133.01248168945312,133.6713104248047,131.18350219726562,128.54824829101562,132.88043648856026,131.85054244995118,1.5006699720469745,0.0192209432809467,4,0.02350051330062608
2023-01-23,138.7550506591797,140.92817511679004,135.59861495460586,135.81494462926892,81760300,135.56910705566406,132.95350646972656,132.51097106933594,131.26217651367188,133.95084708077567,131.8561154683431,2.49612822339739,0.02350051330062608,0,0.010063066266041254
2023-01-24,140.15135192871094,140.77084282048162,137.95857203194126,137.96839974299797,66435100,138.7550506591797,133.01248168945312,133.6713104248047,131.18350219726562,135.23196847098214,131.8521832784017,3.073626934521877,0.010063066266041254,1,-0.004701055279615285
2023-01-25,139.49249267578125,140.05297211797858,136.49339126221906,138.53867984910516,65799300,140.15135192871094,135.56910705566406,132.95350646972656,132.51097106933594,136.22932870047433,131.84234898885092,3.1745929619404762,-0.004701055279615285,2,0.01480357217084638
2023-01-26,141.55747985839844,141.8426334902846,139.53184628445516,140.78065564701856,54105100,139.49249267578125,138.7550506591797,133.01248168945312,133.6713104248047,137.35592433384485,131.82497736612956,3.498319979150237,0.01480357217084638,3,0.013684216993846476
2023-01-27,143.4945831298828,144.77289057415177,140.69215546789684,140.77082215722044,70555800,141.55747985839844,140.15135192871094,135.56910705566406,132.95350646972656,138.8617924281529,131.8400540669759,3.5556957547201136,0.013684216993846476,4,-0.020078027992374792
2023-01-30,140.61349487304688,143.12094131391822,140.46600420175812,142.54079133466578,64015300,143.4945831298828,139.49249267578125,138.7550506591797,133.01248168945312,139.94765145438058,131.83317082722982,2.4650297619739105,-0.020078027992374792,0,0.009020703299727373
2023-01-31,141.88192749023438,141.931096037562,139.90547792238985,140.31846671250062,65874500,140.61349487304688,141.55747985839844,140.15135192871094,135.56910705566406,140.8494829450335,132.08850224812826,1.5986923215091746,0.009020703299727373,1,0.007900951284600888
2023-02-01,143.0029296875,144.16324461699494,138.961535368266,141.56730384751015,77663600,141.88192749023438,143.4945831298828,139.49249267578125,138.7550506591797,141.4563228062221,132.44642817179363,1.4724020502698925,0.007900951284600888,2,0.03706273261173898
2023-02-02,148.30300903320312,148.6569866770964,145.69722523392414,146.41503824093917,118339000,143.0029296875,140.61349487304688,141.55747985839844,140.15135192871094,142.620845249721,133.05116500854493,2.8486599901100456,0.03706273261173898,3,0.02439967709229962
2023-02-03,151.9215545654297,154.75349514117664,145.36287177724367,145.5595309829737,154357300,148.30300903320312,141.88192749023438,143.4945831298828,139.49249267578125,144.39642551967077,133.77881393432617,4.150039945966587,0.02439967709229962,4,-0.017928692808625968
2023-02-06,149.1977996826172,150.5449461888697,148.2636570715711,150.02379246889225,69858300,151.9215545654297,143.0029296875,140.61349487304688,141.55747985839844,145.48789978027344,134.31242396036785,4.281576000196534,-0.017928692808625968,0,0.019244664484245888
2023-02-07,152.06906127929688,152.63938353904294,148.12598902287087,148.12598902287087,83322600,149.1977996826172,148.30300903320312,141.88192749023438,143.4945831298828,146.71282523018974,135.04728571573892,4.810173891092491,0.019244664484245888,1,-0.01765282312920391
2023-02-08,149.38461303710938,152.0002240332312,148.64712974900905,151.31190929849808,64120100,152.06906127929688,151.9215545654297,143.0029296875,140.61349487304688,147.9658421107701,135.70479303995768,4.036766390189677,-0.01765282312920391,2,-0.006911288683329131
2023-02-09,148.3521728515625,151.7544365931666,147.90968576195635,151.21361237069686,56007100,149.38461303710938,149.1977996826172,148.30300903320312,141.88192749023438,148.8901628766741,136.38786824544272,3.025655563045571,-0.006911288683329131,3,0.002455873071774084
2023-02-10,148.7165069580078,149.0414968354293,146.95369947058745,147.1900598433605,57450700,148.3521728515625,152.06906127929688,151.9215545654297,143.0029296875,149.70638820103235,137.21386744181316,1.6142400074874659,0.002455873071774084,4,0.018806960806091677
2023-02-13,151.51341247558594,151.91717418893083,148.6279039729175,148.65744714640496,62199000,148.7165069580078,149.38461303710938,149.1977996826172,148.30300903320312,150.1650172642299,138.0160825093587,1.6051014572034876,0.018806960806091677,0,-0.004225051545467706
2023-02-14,150.87326049804688,151.43461079325414,148.56880303013764,149.8096612758476,61707600,151.51341247558594,148.3521728515625,152.06906127929688,151.9215545654297,150.01526096888952,138.78647206624348,1.4558674779024114,-0.004225051545467706,1,0.01390343287521878
2023-02-15,152.97091674804688,153.13833305811258,150.5581292969133,150.78463194852628,65573800,150.87326049804688,148.7165069580078,149.38461303710938,149.1977996826172,150.55427769252233,139.78607889811198,1.7678228423262992,0.01390343287521878,2,-0.01042932032013244
2023-02-16,151.3755340576172,153.95573796607766,151.02100096105386,151.17855953849067,68167900,152.97091674804688,151.51341247558594,148.3521728515625,152.06906127929688,150.45520237513952,140.69022369384766,1.686335617245756,-0.01042932032013244,3,-0.007546660481523859
2023-02-17,150.233154296875,150.6763169294936,148.55897600306773,150.03619479649413,59144100,151.3755340576172,150.87326049804688,148.7165069580078,149.38461303710938,150.57642255510603,141.60021107991537,1.6259689612704196,-0.007546660481523859,4,-0.026680026163759085
2023-02-21,146.2249298095703,149.0021077790729,146.15600076088242,147.91880821074704,58867200,150.233154296875,152.97091674804688,151.51341247558594,148.3521728515625,150.27253069196428,142.2258160909017,2.2062185180922786,-0.026680026163759085,1,0.0028959625052580318
2023-02-22,146.6483917236328,147.67258982358598,144.92497033349784,146.60899081957194,51011300,146.2249298095703,151.3755340576172,150.87326049804688,148.7165069580078,149.97708565848214,142.8481643676758,2.5595103673658124,0.0028959625052580318,2,0.003290482354705082
2023-02-23,147.1309356689453,148.05666153497864,145.00375275195816,147.81045848665238,48394200,146.6483917236328,150.233154296875,152.97091674804688,151.51341247558594,149.35101754324776,143.46758728027345,2.6552809205906476,0.003290482354705082,3,-0.01800511139737071
2023-02-24,144.48182678222656,144.95453250364176,143.50685714395402,144.87574571223192,55469600,147.1309356689453,146.2249298095703,151.3755340576172,150.87326049804688,148.43795558384485,143.90824228922526,3.1053480928160235,-0.01800511139737071,4,0.008247541573813022
2023-02-27,145.67344665527344,146.9044621404894,145.21058363066865,145.46664446890208,44998500,144.48182678222656,146.6483917236328,150.233154296875,152.97091674804688,147.3954598563058,144.39124043782553,2.4948718060509134,0.008247541573813022,0,-0.003447941756735573
2023-02-28,145.17117309570312,146.81580770143296,144.59998020431112,144.81664009508194,50547000,145.67344665527344,147.1309356689453,146.2249298095703,151.3755340576172,146.50912257603235,144.81324717203776,1.8687614658020186,-0.003447941756735573,1,-0.01424573084247549
2023-03-01,143.1031036376953,144.99394185647634,142.80765687884437,144.600022862706,55479000,145.17117309570312,144.48182678222656,146.6483917236328,150.233154296875,145.49054391043526,145.1276402791341,1.3798340335467503,-0.01424573084247549,2,0.004129060325289924
2023-03-02,143.69398498535156,144.481837933212,141.71450238763347,142.1872231725768,52238100,143.1031036376953,145.67344665527344,147.1309356689453,146.2249298095703,145.1289803641183,145.48565622965495,1.483063029514527,0.004129060325289924,3,0.03509010017809033
2023-03-03,148.73622131347656,148.81500811176437,145.09241829817535,145.79162671403117,70732300,143.69398498535156,145.17117309570312,144.48182678222656,146.6483917236328,145.427241734096,146.00978088378906,1.969674811173766,0.03509010017809033,4,0.018539479093112154
2023-03-06,151.49371337890625,153.926201531547,151.1293375512549,151.4543124625378,87558000,148.73622131347656,143.1031036376953,145.67344665527344,147.1309356689453,146.05049569266183,146.5406010945638,3.012698123117137,0.018539479093112154,0,-0.01449655187417942
2023-03-07,149.29757690429688,151.69066400049135,148.83471383986452,151.36567408118486,56182000,151.49371337890625,143.69398498535156,145.17117309570312,144.48182678222656,146.73845999581474,146.89201863606772,3.1418638298971904,-0.01449655187417942,1,0.008377241816178937
2023-03-08,150.54827880859375,151.13917230662574,149.52408044265695,150.48919246419973,47204800,149.29757690429688,148.73622131347656,143.1031036376953,145.67344665527344,147.4348645891462,147.23858286539715,3.396406444589066,0.008377241816178937,2,-0.014914559939803396
2023-03-09,148.30291748046875,152.19292402611515,147.94838436334126,151.22781194000862,53833600,150.54827880859375,151.49371337890625,143.69398498535156,145.17117309570312,147.88225664411272,147.53226369222006,3.251706206229585,-0.014914559939803396,3,-0.013878742856907711
2023-03-10,146.24465942382812,148.64760438030467,145.3681768808884,147.92869544727571,68572400,148.30291748046875,149.29757690429688,148.73622131347656,143.1031036376953,148.331050327846,147.6885030110677,2.6417503765815833,-0.013878742856907711,4,0.013266084394357947
2023-03-13,148.18475341796875,150.8142012619364,145.45681830298673,145.56514829028342,84457100,146.24465942382812,150.54827880859375,151.49371337890625,143.69398498535156,148.97258867536272,147.84484202067057,1.7083665662920273,0.013266084394357947,0,0.014088956566258526
2023-03-14,150.27252197265625,151.07021762009597,147.82034869008896,148.98242012042218,73695900,148.18475341796875,148.30291748046875,149.29757690429688,148.73622131347656,149.19206019810267,148.16680959065755,1.770493375283499,0.014088956566258526,1,0.0026214783119047347
2023-03-15,150.6664581298828,150.92250395033966,147.64307677577528,148.8937927615987,77167900,150.27252197265625,146.24465942382812,150.54827880859375,151.49371337890625,149.0738808768136,148.45962727864583,1.611746370876886,0.0026214783119047347,2,0.01869410173730679
2023-03-16,153.4830322265625,154.08376844517147,149.33696504123728,149.84907174243986,76161100,150.6664581298828,148.18475341796875,148.30291748046875,149.29757690429688,149.6718030657087,148.80896402994793,2.326455003099342,0.01869410173730679,3,-0.005454004627254649
2023-03-17,152.64593505859375,154.35951419092353,151.93686886777078,153.70953434482817,98944600,153.4830322265625,150.27252197265625,146.24465942382812,150.54827880859375,149.97146824428015,148.95372823079427,2.579502992735018,-0.005454004627254649,4,0.015483809958691808
2023-03-20,155.0094757080078,155.42311016638172,151.80883520237765,152.71487589238697,73641400,152.64593505859375,150.6664581298828,148.18475341796875,148.30291748046875,150.92954799107142,149.05665893554686,3.057642176630244,0.015483809958691808,0,0.011944046783146867
2023-03-21,156.8609161376953,156.9790888157361,154.1625247817563,154.93069227015488,73938300,155.0094757080078,153.4830322265625,150.27252197265625,146.24465942382812,152.44615609305245,149.31209615071614,2.9784587832238425,0.011944046783146867,1,-0.009103274628291746
2023-03-22,155.43296813964844,159.6775078686916,155.41326768087632,156.880643804934,75701800,156.8609161376953,152.64593505859375,150.6664581298828,148.18475341796875,153.4816153390067,149.42422637939453,2.4658860081936473,-0.009103274628291746,2,0.006969451099523738
2023-03-23,156.51625061035156,159.09646969740976,155.28523492873595,156.41777837205046,67622100,155.43296813964844,155.0094757080078,153.4830322265625,150.27252197265625,154.37357657296317,149.66194763183594,2.2295414299954035,0.006969451099523738,3,0.00830537885199334
2023-03-24,157.81617736816406,157.90480687220796,155.45263376473136,156.44728881765926,59196500,156.51625061035156,156.8609161376953,152.64593505859375,150.6664581298828,155.39496503557478,149.977414449056,1.854331068588284,0.00830537885199334,4,-0.01229328176429989
2023-03-27,155.8760986328125,158.3282868109909,155.4723219600322,157.5108907515981,52390300,157.81617736816406,155.43296813964844,155.0094757080078,153.4830322265625,155.73683166503906,150.2160675048828,1.6527328478116552,-0.01229328176429989,0,-0.003980325575968169
2023-03-28,155.2556610107422,156.08291480553032,153.61102618902072,155.57080817581272,45992200,155.8760986328125,156.51625061035156,156.8609161376953,152.64593505859375,156.10964965820312,150.34080912272137,1.0078099830858875,-0.003980325575968169,1,0.01979098432554438
2023-03-29,158.3283233642578,158.60406968566105,156.929891297985,156.94957673019417,51305700,155.2556610107422,157.81617736816406,155.43296813964844,155.0094757080078,156.58377075195312,150.5893112182617,1.171372441805111,0.01979098432554438,2,0.009889742926243228
2023-03-30,159.89414978027344,160.00247975071784,158.82070781762587,159.07675364456475,49501700,158.3283233642578,155.8760986328125,156.51625061035156,156.8609161376953,157.01708984375,150.82008565266926,1.7224073310155266,0.009889742926243228,3,0.015644314251705538
2023-03-31,162.3955841064453,162.49407137264149,159.4510041879724,159.97295363930863,68749800,159.89414978027344,155.2556610107422,157.81617736816406,155.43296813964844,158.01174926757812,151.1874206542969,2.493105475044539,0.015644314251705538,4,0.007701481862265602
2023-04-03,163.64627075195312,163.76444342844442,161.725889623748,161.7751332479675,56976200,162.3955841064453,158.3283233642578,155.8760986328125,156.51625061035156,159.0303235735212,151.6345245361328,3.150193387323054,0.007701481862265602,0,-0.0032496879639397624
2023-04-04,163.11447143554688,164.3060859426903,162.6023648150906,164.0697406002056,46278300,163.64627075195312,159.89414978027344,155.2556610107422,157.81617736816406,159.78722272600447,152.1975092569987,3.433612012805584,-0.0032496879639397624,1,-0.011290315036571963
2023-04-05,161.27285766601562,162.54327395468036,159.3426339632527,162.23798454444034,51511700,163.11447143554688,162.3955841064453,158.3283233642578,155.8760986328125,160.55818830217635,152.68499145507812,2.985734214338654,-0.011290315036571963,2,0.005495886245836745
2023-04-06,162.15919494628906,162.4546416380935,159.5395906537556,159.963052724609,45390100,161.27285766601562,163.64627075195312,159.89414978027344,155.2556610107422,161.5444074358259,153.1859334309896,1.8764186692155762,0.005495886245836745,3,-0.01597212453062946
2023-04-10,159.5691680908203,159.5691680908203,157.6487867222166,158.96843186504725,47716900,162.15919494628906,163.11447143554688,162.3955841064453,158.3283233642578,161.72167096819197,153.6888448079427,1.5526375048284622,-0.01597212453062946,0,-0.0075911843385504385
2023-04-11,158.35784912109375,159.89415417908276,158.07224508795338,159.88431146406083,47644200,159.5691680908203,161.27285766601562,163.64627075195312,159.89414978027344,161.50219944545202,154.11165822347004,1.9193049440734258,-0.0075911843385504385,1,-0.004353188528965712
2023-04-12,157.66848754882812,159.59871163720814,157.35334033527027,158.77147274218814,50133100,158.35784912109375,162.15919494628906,163.11447143554688,162.3955841064453,160.826899937221,154.52823537190756,2.3384251674709358,-0.004353188528965712,2,0.0341034835897005
2023-04-13,163.0455322265625,163.28189260314673,158.96840964951016,159.17522685740187,68445600,157.66848754882812,159.5691680908203,161.27285766601562,163.64627075195312,160.74108014787947,155.19298299153647,2.2260321865678483,0.0341034835897005,3,-0.0021139219372464657
2023-04-14,162.70086669921875,163.794009087704,161.33197803499354,162.09027277975596,49386500,163.0455322265625,158.35784912109375,162.15919494628906,163.11447143554688,160.68199375697546,155.82654571533203,2.156952112168185,-0.0021139219372464657,4,0.00012116933282957376
2023-04-17,162.7205810546875,162.87815467656333,161.53880894471416,162.58270789230806,41516200,162.70086669921875,157.66848754882812,159.5691680908203,161.27285766601562,160.88881138392858,156.29269104003907,2.2884477191893247,0.00012116933282957376,0,0.007504555489956211
2023-04-18,163.9417266845703,164.8674527745674,163.13417327770642,163.5773508935462,49923000,162.7205810546875,163.0455322265625,158.35784912109375,162.15919494628906,161.1434587751116,156.70762481689454,2.5388467907463497,0.007504555489956211,1,0.00696839237589808
2023-04-19,165.08413696289062,165.60608642613127,163.02586725800396,163.2819281451353,47720200,163.9417266845703,162.70086669921875,157.66848754882812,159.5691680908203,161.93131147112166,157.2338434855143,2.8101016733685893,0.00696839237589808,2,-0.005846221362989401
2023-04-20,164.1190185546875,165.32049116381157,163.04557639594412,163.5675258869679,52456400,165.08413696289062,162.7205810546875,163.0455322265625,158.35784912109375,162.75433567592077,157.6862014770508,2.4032920377623315,-0.005846221362989401,3,-0.009781228639241135
2023-04-21,162.51373291015625,163.92200731179602,161.99178358382397,162.5432760775303,58337300,164.1190185546875,163.9417266845703,162.70086669921875,157.66848754882812,163.44651358468192,158.15989532470704,0.9568300467368868,-0.009781228639241135,4,0.0018785972489554492
2023-04-24,162.81903076171875,163.08493430890758,161.40089854610392,162.49404087672,41949600,162.51373291015625,165.08413696289062,162.7205810546875,163.0455322265625,163.4141562325614,158.71237436930338,0.9762822411178025,0.0018785972489554492,0,-0.00943553952632803
2023-04-25,161.28274536132812,163.78416246885476,161.24334444666383,162.68117729099055,48714100,162.81903076171875,164.1190185546875,163.9417266845703,162.70086669921875,163.21156747000558,159.1489741007487,1.256025277251675,-0.00943553952632803,1,-6.130659104508496e-05
2023-04-26,161.27285766601562,162.76977657727082,160.32744626830737,160.58349205788602,45498800,161.28274536132812,162.51373291015625,165.08413696289062,162.7205810546875,163.00474984305245,159.51565195719402,1.4539435059463892,-6.130659104508496e-05,2,0.02839539650103351
2023-04-27,165.85226440429688,165.9999802574992,162.6811671878293,162.6811671878293,64902300,161.27285766601562,162.81903076171875,164.1190185546875,163.9417266845703,163.2776838030134,160.02184549967447,1.7978076120819713,0.02839539650103351,3,0.007541060164533153
2023-04-28,167.10296630859375,167.27039764589344,165.33031595199537,165.93105213681218,55275900,165.85226440429688,161.28274536132812,162.51373291015625,165.08413696289062,163.5660879952567,160.47584330240886,2.242764203771095,0.007541060164533153,4,-0.0005303499323365823
2023-05-01,167.01434326171875,167.86128258741087,166.07877442017465,166.70905380019818,52472900,167.10296630859375,161.27285766601562,162.81903076171875,164.1190185546875,163.97970581054688,160.954790242513,2.6002282573379567,-0.0005303499323365823,0,-0.006191430011295962
2023-05-02,165.98028564453125,167.76280882251325,164.9954731830596,167.50674796522142,48425700,167.01434326171875,165.85226440429688,161.28274536132812,162.51373291015625,164.4749276297433,161.3204839070638,2.6046001778122565,-0.006191430011295962,1,-0.006467277409419103
2023-05-03,164.90684509277344,168.32414556576836,164.6212560883793,166.925713661642,65136000,165.98028564453125,167.10296630859375,161.27285766601562,162.81903076171875,164.77318681989397,161.58868153889975,2.500849887649122,-0.006467277409419103,2,-0.009913452298832226
2023-05-04,163.2720489501953,164.50306450874902,161.81453073644045,162.3857237588548,81235400,164.90684509277344,167.01434326171875,165.85226440429688,161.28274536132812,165.057373046875,161.84998423258463,2.122514295603777,-0.009913452298832226,3,0.046926893028231165
2023-05-05,170.93389892578125,171.65280778469676,168.1665634032941,168.38322333782398,113453200,163.2720489501953,165.98028564453125,167.10296630859375,161.27285766601562,166.4375217982701,162.33057250976563,2.3772437582172974,0.046926893028231165,4,-0.0004032199032986128
2023-05-08,170.86497497558594,171.20966537396347,169.49608615179136,169.86046198141287,55962800,170.93389892578125,164.90684509277344,167.01434326171875,165.85226440429688,167.15362330845423,162.76553243001302,2.87454150331847,-0.0004032199032986128,0,-0.009971238118320791
2023-05-09,169.16123962402344,170.9043468501181,168.993823309898,170.421798364417,45326900,170.86497497558594,163.2720489501953,165.98028564453125,167.10296630859375,167.44766235351562,163.2083704630534,2.972111414033279,-0.009971238118320791,1,0.010420929680643898
2023-05-10,170.92405700683594,171.38692008917508,169.28926463206565,170.3922648627901,53724500,169.16123962402344,170.93389892578125,164.90684509277344,167.01434326171875,168.00619288853235,163.73065032958985,3.23302070786889,0.010420929680643898,2,0.00109456805537822
2023-05-11,171.11114501953125,171.9383837832071,169.55513971049686,171.2096322648924,49514700,170.92405700683594,170.86497497558594,163.2720489501953,165.98028564453125,168.73917279924666,164.15674438476563,3.2784688528075105,0.00109456805537822,3,-0.005417453633602465
2023-05-12,170.1841583251953,171.653548851867,168.6358569767775,171.21962961924467,45533100,171.11114501953125,169.16123962402344,170.93389892578125,164.90684509277344,169.49307468959265,164.49974466959637,2.825857368761393,-0.005417453633602465,4,-0.0028974672625022846
2023-05-15,169.69105529785156,170.81529363826058,169.09934457223466,170.76598190315437,37266700,170.1841583251953,170.92405700683594,170.86497497558594,163.2720489501953,170.41007559640067,164.74292704264323,0.7488457385524668,-0.0028974672625022846,0,0.0
2023-05-16,169.69105529785156,170.74625419954612,169.42478396654107,169.6121595312474,42110300,169.69105529785156,171.11114501953125,169.16123962402344,170.93389892578125,170.23252650669642,164.94441986083984,0.7512825916866742,0.0,1,0.003603224315213316
2023-05-17,170.302490234375,170.53916250241704,168.06386972955488,169.3360433616003,57951600,169.69105529785156,170.1841583251953,170.92405700683594,170.86497497558594,170.1521715436663,165.18402048746745,0.700744676782499,0.003603224315213316,2,0.013666048319927127
2023-05-18,172.62985229492188,172.81722786089622,170.19400003291315,170.60819152451643,65496700,170.302490234375,169.69105529785156,171.11114501953125,169.16123962402344,170.64768763950892,165.56258697509764,1.0315410025243037,0.013666048319927127,3,0.0006285427901431273
2023-05-19,172.7383575439453,173.95134816577144,172.5213979143073,173.95134816577144,55809500,172.62985229492188,169.69105529785156,170.1841583251953,170.92405700683594,170.90687343052454,165.91522572835285,1.3043990149746048,0.0006285427901431273,4,-0.005480725768403638
2023-05-22,171.7916259765625,172.2945846931845,171.0519949677244,171.57466634347682,43570900,172.7383575439453,170.302490234375,169.69105529785156,171.11114501953125,171.00408499581474,166.32264099121093,1.3468265359888272,-0.005480725768403638,0,-0.015154989956065346
2023-05-23,169.18812561035156,170.9829707500323,168.9119979039132,170.73642708015296,50747300,171.7916259765625,172.62985229492188,169.69105529785156,170.1841583251953,170.8617946079799,166.68365020751952,1.4926125402254755,-0.015154989956065346,1,0.0016319572493037615
2023-05-24,169.4642333984375,170.03621645106807,168.16249079935005,168.7246024757336,45143500,169.18812561035156,172.7383575439453,170.302490234375,169.69105529785156,170.8293914794922,167.07684173583985,1.5243878680975274,0.0016319572493037615,2,0.006692413691760324
2023-05-25,170.59835815429688,171.49576564962197,169.31632809947834,170.02637505144455,56058300,169.4642333984375,171.7916259765625,172.62985229492188,169.69105529785156,170.9590061732701,167.32860260009767,1.4481319914193826,0.006692413691760324,3,0.014104766458676421
2023-05-26,173.00460815429688,173.33991896491864,170.71669083708804,170.92379413047703,54835000,170.59835815429688,169.18812561035156,172.7383575439453,170.302490234375,171.34502301897322,167.67206064860025,1.5965028885047015,0.014104766458676421,4,0.010659435545681273
2023-05-30,174.84873962402344,176.5153769153671,174.12883646161984,174.51344390978926,55964400,173.00460815429688,169.4642333984375,171.7916259765625,172.62985229492188,171.66200692313058,168.07633260091146,2.049992725585783,0.010659435545681273,1,-0.0002818772887802634
2023-05-31,174.79945373535156,176.87042648421155,174.3162227478627,174.87834951174753,99625300,174.84873962402344,170.59835815429688,169.18812561035156,172.7383575439453,171.9564492361886,168.4382568359375,2.3555957831046017,-0.0002818772887802634,2,0.01602238963684055
2023-06-01,177.60015869140625,177.62974272201325,174.4838437196236,175.24320228346932,68901800,174.79945373535156,173.00460815429688,169.4642333984375,171.7916259765625,172.78623962402344,168.85545756022137,3.1701055201700354,0.01602238963684055,3,0.004775326560132465
2023-06-02,178.44825744628906,179.2667840167609,176.78162027671132,178.5271532052556,61996900,177.60015869140625,174.84873962402344,170.59835815429688,169.18812561035156,174.10911560058594,169.33309885660807,3.345629723305158,0.004775326560132465,4,-0.007570810408228934
2023-06-05,177.09725952148438,182.39301299737724,175.57854201305094,180.1050954524954,121946500,178.44825744628906,174.79945373535156,173.00460815429688,169.4642333984375,175.19954790387834,169.819216410319,2.7745932025101965,-0.007570810408228934,0,-0.0020605284430469384
2023-06-06,176.7323455810547,177.62975297431,174.97694105936182,177.4818328127375,64848400,177.09725952148438,177.60015869140625,174.84873962402344,170.59835815429688,176.0758318219866,170.28299357096355,1.9145761806053605,-0.0020605284430469384,1,-0.007756210731673985
2023-06-07,175.361572265625,178.70470351330488,174.8684849721747,175.97299569419778,61944600,176.7323455810547,178.44825744628906,174.79945373535156,173.00460815429688,176.41254098074776,170.75228780110677,1.4304866422403175,-0.007756210731673985,2,0.015465134814926174
2023-06-08,178.0735626220703,178.33981894141047,175.0065588784877,175.44046308150416,50214900,175.361572265625,177.09725952148438,177.60015869140625,174.84873962402344,176.87322998046875,171.31231129964192,1.3604919410619818,0.015465134814926174,3,0.002159769101360398
2023-06-09,178.45816040039062,179.71059129506313,178.13272098000036,178.99068805786467,48900000,178.0735626220703,176.7323455810547,178.44825744628906,174.79945373535156,177.3959023611886,171.73250783284504,1.1109141527270314,0.002159769101360398,4,0.01563883819959133
2023-06-12,181.24903869628903,181.34766218390047,178.468033910057,178.76388932505995,54274900,178.45816040039062,175.361572265625,177.09725952148438,177.60015869140625,177.91717093331474,172.20404357910155,1.8397315939562886,0.01563883819959133,0,-0.0026118134213565236
2023-06-13,180.7756500244141,181.60403301510047,179.91768300176238,180.272706433175,54929100,181.24903869628903,178.0735626220703,176.7323455810547,178.44825744628906,178.2496555873326,172.66275380452473,2.137861140668863,-0.0026118134213565236,1,0.003491424595602144
2023-06-14,181.4068145751953,181.84073380664427,179.50350482104812,180.83483150172444,57462900,180.7756500244141,178.45816040039062,175.361572265625,177.09725952148438,178.8653063092913,173.17697143554688,2.359701854140744,0.003491424595602144,2,0.0111988070665896
2023-06-15,183.4383544921875,183.9413132306641,181.2391890770768,181.4167083517838,65433200,181.4068145751953,181.24903869628903,178.0735626220703,176.7323455810547,179.82330758231026,173.79468841552733,2.687875250817922,0.0111988070665896,3,-0.005860013162736766
2023-06-16,182.3634033203125,184.4047919439357,181.722395856144,184.14837692000424,101256200,183.4383544921875,180.7756500244141,178.45816040039062,175.361572265625,180.82356916155135,174.43106689453126,1.953176127809655,-0.005860013162736766,4,0.00048655517928986036
2023-06-20,182.4521331787109,183.52707478677848,181.86043752572817,181.86043752572817,49799100,182.3634033203125,181.4068145751953,181.24903869628903,178.0735626220703,181.44907924107142,174.81500803629558,1.5937495982326642,0.00048655517928986036,1,-0.005675166132357301
2023-06-21,181.41668701171875,182.84663717983523,180.0656175699355,182.3436785005217,49515700,182.4521331787109,183.4383544921875,180.7756500244141,178.45816040039062,181.8717258998326,175.16673177083334,0.9169940974953905,-0.005675166132357301,2,0.01652524567418645
2023-06-22,184.4146423339844,184.46395407144703,181.1306792503188,181.19971869233248,51245300,181.41668701171875,182.3634033203125,181.4068145751953,181.24903869628903,182.32395499093192,175.67517852783203,1.2709822730742109,0.01652524567418645,3,-0.0017110992588161844
2023-06-23,184.09909057617188,184.96692915011988,182.45218058994396,182.9847233686237,53117000,184.4146423339844,182.4521331787109,183.4383544921875,180.7756500244141,182.7987322126116,176.11434631347657,1.215753527369734,-0.0017110992588161844,4,-0.0075530135718522295
2023-06-26,182.7085876464844,185.45015206010265,182.66913223239737,184.2470177435845,48088700,184.09909057617188,181.41668701171875,182.3634033203125,181.4068145751953,182.98469979422433,176.500927734375,1.056483442009895,-0.0075530135718522295,0,0.015058973658738095
2023-06-27,185.45999145507807,185.78543087633776,183.10303478095216,183.3199943951253,50730800,182.7085876464844,184.4146423339844,182.4521331787109,183.4383544921875,183.27350507463728,177.01012217203777,1.4162362309299814,0.015058973658738095,1,0.0063277985596219555
2023-06-28,186.633544921875,187.274552399172,185.00636283468697,185.33178721386028,51216800,185.45999145507807,184.09909057617188,181.41668701171875,182.3634033203125,183.88352530343192,177.5748718261719,1.820762669223162,0.0063277985596219555,2,0.0017965507272541537
2023-06-29,186.9688415527344,187.4422162021352,186.32783407243755,186.4658979165552,46347300,186.633544921875,182.7085876464844,184.4146423339844,182.4521331787109,184.52876935686385,178.15079803466796,2.0185379985643577,0.0017965507272541537,3,0.023102473723169092
2023-06-30,191.2882843017578,191.79122791985355,188.6157445714927,188.9806393982648,85213200,186.9688415527344,185.45999145507807,184.09909057617188,181.41668701171875,185.93899754115515,178.85032450358074,2.7848325788928516,0.023102473723169092,4,-0.007784612790296741
2023-07-03,189.79917907714844,191.19954526937025,189.10884478636748,191.10092178559267,31458200,191.2882843017578,186.633544921875,182.7085876464844,184.4146423339844,186.70821707589286,179.42263539632162,3.0267476163811886,-0.007784612790296741,0,-0.005871443422569178
2023-07-05,188.68478393554688,190.311965971159,187.98459336367247,188.92147125163748,46920300,189.79917907714844,186.9688415527344,185.45999145507807,184.09909057617188,187.36331612723214,179.95418294270834,2.859557042891128,-0.005871443422569178,2,0.0025088054437270024
2023-07-06,189.1581573486328,189.36526064633148,186.5842409083175,187.21539208287064,45094300,188.68478393554688,191.2882843017578,186.633544921875,182.7085876464844,188.28468322753906,180.53306732177734,2.027927321805237,0.0025088054437270024,3,-0.005891340649653576
2023-07-07,188.04376220703125,190.0062550438309,187.60985803081863,188.7636804868427,46815000,189.1581573486328,189.79917907714844,186.9688415527344,185.45999145507807,188.65379333496094,181.16158854166667,1.6227753368868951,-0.005891340649653576,4,-0.010855805867683865
2023-07-10,186.0023956298828,187.36332142042107,184.4540942539423,186.6434031135775,59922200,188.04376220703125,188.68478393554688,191.2882843017578,186.633544921875,188.56362915039062,181.71286061604818,1.7650305872096246,-0.010855805867683865,0,-0.002810042089924969
2023-07-11,185.47972106933597,186.68285528837708,184.02018687082852,186.5447914459214,46638100,186.0023956298828,189.1581573486328,189.79917907714844,186.9688415527344,188.35089765276228,182.2089060465495,2.0551705761683103,-0.002810042089924969,1,0.008985488909267092
2023-07-12,187.14634704589844,189.0496566889716,185.864317131752,187.0575799007695,60750200,185.47972106933597,188.04376220703125,188.68478393554688,191.2882843017578,187.75919233049666,182.6802973429362,1.6183454566782558,0.008985488909267092,2,0.004057457657562713
2023-07-13,187.9056854248047,188.5467078881079,187.1561982107916,187.86624506525828,41342300,187.14634704589844,186.0023956298828,189.1581573486328,189.79917907714844,187.4886932373047,183.11552886962892,1.3578155303740214,0.004057457657562713,3,0.0007873589264504322
2023-07-14,188.0536346435547,188.53685056119244,187.00829198764853,187.59998771190843,41616200,187.9056854248047,185.47972106933597,188.04376220703125,188.68478393554688,187.39852905273438,183.55733489990234,1.2841077875298827,0.0007873589264504322,4,0.017305672062220667
2023-07-17,191.3080291748047,191.6334686208352,189.1581605746784,189.2469126832782,50520200,188.0536346435547,187.14634704589844,186.0023956298828,189.1581573486328,187.70565359933036,184.01426391601564,1.8894980777469637,0.017305672062220667,0,-0.0013402923678229595
2023-07-18,191.05162048339844,191.6433313227349,189.75973403360663,190.67688432979497,48288200,191.3080291748047,187.9056854248047,185.47972106933597,188.04376220703125,188.1353476388114,184.43437601725262,2.280713926989207,-0.0013402923678229595,1,0.007071695893196006
2023-07-19,192.40267944335935,195.489395852648,189.9865395225249,190.4303301514657,80507300,191.05162048339844,188.0536346435547,187.14634704589844,186.0023956298828,189.04967389787947,184.9445566813151,2.5501184613704875,0.007071695893196006,2,-0.010097386833942013
2023-07-20,190.4599151611328,193.7537348839622,189.8386203157028,192.3928090502892,59581200,192.40267944335935,191.3080291748047,187.9056854248047,185.47972106933597,189.7611301967076,185.4021423339844,2.0297640161971984,-0.010097386833942013,3,-0.006161602072619732
2023-07-21,189.286376953125,192.2744851317762,188.58618628535973,191.41651794617292,71951700,190.4599151611328,191.05162048339844,188.0536346435547,187.14634704589844,190.0668487548828,185.86630249023438,1.7055646488059963,-0.006161602072619732,4,0.004220048057762105
2023-07-24,190.08517456054688,192.2153155367517,189.5920872076012,190.7360534779148,45377800,189.286376953125,192.40267944335935,191.3080291748047,187.9056854248047,190.37820434570312,186.26668955485027,1.420376557810903,0.004220048057762105,0,0.004513453907236897
2023-07-25,190.943115234375,191.75178560391285,190.2527960456413,190.65713123041024,37283200,190.08517456054688,190.4599151611328,191.05162048339844,188.0536346435547,190.7909872872489,186.68285471598307,0.98552770213443,0.004513453907236897,1,0.004545117458953474
2023-07-26,191.81097412109372,192.9352126477052,190.64729522856237,190.9924473358141,47471900,190.943115234375,189.286376953125,192.40267944335935,191.3080291748047,190.86283656529017,187.03491923014323,1.0459838834394206,0.004545117458953474,2,-0.0065809508020509
2023-07-27,190.54867553710935,194.4736466049838,189.88794029801272,193.3099676892758,47460200,191.81097412109372,190.08517456054688,190.4599151611328,191.05162048339844,190.7909872872489,187.36068674723307,1.0481265237791597,-0.0065809508020509,3,0.01350774572106328
2023-07-28,193.12255859375,193.91150122150717,191.45592124266815,191.9785925358936,48291400,190.54867553710935,190.943115234375,189.286376953125,192.40267944335935,190.8938271658761,187.75121154785157,1.24873643642115,0.01350774572106328,4,0.0031660461676548124
2023-07-31,193.73399353027344,193.77344894031904,192.56044337061044,193.34938604539337,38824100,193.12255859375,191.81097412109372,190.08517456054688,190.4599151611328,191.36155264718192,188.09439951578776,1.6177634558461231,0.0031660461676548124,0,-0.004275728109153443
2023-08-01,192.9056396484375,194.01015053136803,192.58020018161,193.526934544002,35175100,193.73399353027344,190.54867553710935,190.943115234375,189.286376953125,191.8785901750837,188.44580739339193,1.4088711476364915,-0.004275728109153443,1,-0.015490184353055936
2023-08-02,189.91749572753903,192.48154051645844,189.19759252290805,192.3434766820384,50389300,192.9056396484375,193.12255859375,191.81097412109372,190.08517456054688,191.8546360560826,188.6946528116862,1.4453974500036142,-0.015490184353055936,2,-0.007321615759310007
2023-08-03,188.5269927978516,189.7103992851957,188.05363321247987,188.92147165885288,61235200,189.91749572753903,193.73399353027344,190.54867553710935,190.943115234375,191.5094757080078,188.9316630045573,1.912390847226106,-0.007321615759310007,3,-0.04801993961298423
2023-08-04,179.47393798828125,184.7894189873242,179.40489853673822,182.95513345446872,115956800,188.5269927978516,192.9056396484375,193.12255859375,191.81097412109372,189.7470419747489,188.76697285970053,4.915341472985309,-0.04801993961298423,4,-0.0172537775025412
2023-08-07,176.37733459472656,180.5981607115797,174.89807268327343,179.6119861039443,97576100,179.47393798828125,189.91749572753903,193.73399353027344,190.54867553710935,187.72256469726562,188.50958099365235,7.00452701360701,-0.0172537775025412,0,0.0053115887833488085
2023-08-08,177.31417846679688,177.77768168655695,175.1248698685598,177.20569866966517,67823000,176.37733459472656,188.5269927978516,192.9056396484375,193.12255859375,185.46422467912947,188.32976735432942,7.503935239637562,0.0053115887833488085,1,-0.008954291146083482
2023-08-09,175.72645568847656,178.42856448196,174.56276182695083,178.3693964131728,60378500,177.31417846679688,179.47393798828125,189.91749572753903,193.73399353027344,182.8917192731585,188.00531616210938,7.279707458657212,-0.008954291146083482,2,-0.0012344125673202644
2023-08-10,175.50953674316406,178.25110158304898,175.1446568691999,176.9986553281038,54686900,175.72645568847656,176.37733459472656,188.5269927978516,192.9056396484375,180.40656171526228,187.63451588948567,6.17725404356623,-0.0012344125673202644,3,0.00033732697755994856
2023-08-11,175.56874084472656,176.3883728930982,174.34424265962002,175.10462674008653,52036700,175.50953674316406,177.31417846679688,179.47393798828125,189.91749572753903,178.3567395891462,187.25451253255207,4.69902569442224,0.00033732697755994856,4,0.00939312656889979
2023-08-14,177.21788024902344,177.44500246999712,175.09473274674426,175.74649049543365,43675600,175.56874084472656,175.72645568847656,176.37733459472656,188.5269927978516,176.74115208217077,186.7854990641276,1.4187520443206887,0.00939312656889979,0,-0.011200216012345665
2023-08-15,175.23300170898438,177.23763842738072,174.8380051896738,176.64514364841483,43622600,177.21788024902344,175.50953674316406,177.31417846679688,179.47393798828125,176.1353040422712,186.29995981852213,0.8479563655186839,-0.011200216012345665,1,-0.004959043266019814
2023-08-16,174.364013671875,176.30938743269644,174.29488099061055,174.91701484938284,46964900,175.23300170898438,175.56874084472656,175.72645568847656,176.37733459472656,175.84768676757812,185.82260080973307,1.0656770068807688,-0.004959043266019814,2,-0.01455519851021081
2023-08-17,171.82611083984375,175.29225282363015,171.31260330101006,174.92688028330798,66062900,174.364013671875,177.21788024902344,175.50953674316406,177.31417846679688,175.06367710658483,185.24486592610677,1.6600091313457428,-0.01455519851021081,3,0.0028161419494678874
2023-08-18,172.30999755859375,172.9123770667114,169.8116075662743,170.14735612669347,61172200,171.82611083984375,175.23300170898438,175.56874084472656,175.72645568847656,174.5756116594587,184.72040710449218,1.915280759948336,0.0028161419494678874,4,0.007736810990083054
2023-08-21,173.64312744140625,173.92951274494206,171.56937297444222,172.88275833759562,46311900,172.30999755859375,174.364013671875,177.21788024902344,175.50953674316406,174.3089817592076,184.30843149820964,1.8933864091250936,0.007736810990083054,0,0.007904831300446613
2023-08-22,175.0157470703125,175.46012191641384,174.04799506153495,174.8478727981476,42038900,173.64312744140625,171.82611083984375,175.23300170898438,175.56874084472656,174.22998264857702,183.95963236490886,1.8429284124561356,0.007904831300446613,1,0.02194879576265807
2023-08-23,178.8571319580078,179.28176749229362,176.1019960768648,176.28962468028294,52722800,175.0157470703125,172.30999755859375,174.364013671875,177.21788024902344,174.4641614641462,183.6833251953125,2.326564399782461,0.02194879576265807,2,-0.026170360465879172
2023-08-24,174.17637634277344,178.8374075605793,173.8109887437673,178.41277199096436,54945800,178.8571319580078,173.64312744140625,171.82611083984375,175.23300170898438,174.31321498325892,183.2256815592448,2.3025211729524533,-0.026170360465879172,3,0.01264312201774831
2023-08-25,176.37850952148438,176.91175631972774,173.62337343895007,175.16388093182096,51449600,174.17637634277344,175.0157470703125,172.30999755859375,174.364013671875,174.6010001046317,182.83651072184244,2.432171238545216,0.01264312201774831,4,0.008846071793217947
2023-08-28,177.9387664794922,178.33376298082638,176.31925671498092,177.8400098200833,43820700,176.37850952148438,178.8571319580078,173.64312744140625,171.82611083984375,175.47423662458147,182.3908686319987,2.366277717024972,0.008846071793217947,0,0.021810169366529575
2023-08-29,181.81964111328125,182.5898947624316,177.25736718090633,177.4548654120463,53003900,177.9387664794922,174.17637634277344,175.0157470703125,172.30999755859375,176.83275713239397,182.08313598632813,2.913426529935407,0.021810169366529575,1,0.019172384877404136
2023-08-30,185.30555725097656,185.50307057198083,182.4319252754348,182.62942352828824,60813900,181.81964111328125,176.37850952148438,178.8571319580078,173.64312744140625,178.49881853376115,181.84656524658203,3.9393866909272526,0.019172384877404136,2,0.0011723306257274135
2023-08-31,185.52279663085935,186.7571794584308,185.1376697913831,185.49317264844964,60794500,185.30555725097656,177.9387664794922,174.17637634277344,175.0157470703125,179.99982561383928,181.68199462890624,4.3693235691549415,0.0011723306257274135,3,0.008463433823896027
2023-09-01,187.09295654296875,187.5472010181368,185.9276912341992,187.12258052751665,45766500,185.52279663085935,181.81964111328125,176.37850952148438,178.8571319580078,181.17637198311942,181.60888061523437,5.063971741381568,0.008463433823896027,4,0.0012666658184712354
2023-09-05,187.32994079589844,187.6064413525269,185.26605625958229,185.92768366781115,45280000,187.09295654296875,185.30555725097656,177.9387664794922,174.17637634277344,183.05545261928015,181.51703948974608,4.434950595242431,0.0012666658184712354,1,-0.03579320599616109
2023-09-06,180.6248016357422,186.49059214043663,179.20278998997966,186.0462022000218,81755800,187.32994079589844,185.52279663085935,181.81964111328125,176.37850952148438,183.66206577845983,181.173095703125,3.5768552084148735,-0.03579320599616109,2,-0.02924951511844598
2023-09-07,175.34161376953125,175.98350189646143,171.37183427986267,172.99134398653018,112488800,180.6248016357422,187.09295654296875,185.30555725097656,177.9387664794922,183.2910439627511,180.62411702473958,4.325766320260224,-0.02924951511844598,3,0.0034917190459333725
2023-09-08,175.953857421875,177.9881329660241,175.56873058484743,176.121746745329,65551300,175.34161376953125,187.32994079589844,185.52279663085935,181.81964111328125,182.4530748639788,180.13762308756512,5.148259577463894,0.0034917190459333725,4,0.00662266357895791
2023-09-11,177.119140625,178.0473990105972,175.12437356668377,177.82027676778657,58953100,175.953857421875,180.6248016357422,187.09295654296875,185.30555725097656,181.28358677455358,179.60417582194012,5.319269091710507,0.00662266357895791,0,-0.017060687406958097
2023-09-12,174.0973663330078,177.87951732730735,172.6358612060169,177.24751388848827,90370200,177.119140625,175.34161376953125,187.32994079589844,185.52279663085935,179.65138244628906,178.94962158203126,5.549624150402986,-0.017060687406958097,1,-0.0118547947810822
2023-09-13,172.03347778320312,175.08486860955094,171.8063404869434,174.30473020059844,84267900,174.0973663330078,175.953857421875,180.6248016357422,187.09295654296875,177.5000283377511,178.2538828531901,5.083423127867873,-0.0118547947810822,2,0.008782473830504012
2023-09-14,173.5443572998047,173.89986015970092,171.4113401404273,171.82609096561458,60895800,172.03347778320312,177.119140625,175.34161376953125,187.32994079589844,175.53065926688058,177.70811157226564,2.7963785165267483,0.008782473830504012,3,-0.004154165644178809
2023-09-15,172.82342529296875,174.29481470566822,171.6483057717428,174.27506036594073,109259500,173.5443572998047,174.0973663330078,175.953857421875,180.6248016357422,174.41617693219865,177.18465932210287,1.8075180977056737,-0.004154165644178809,4,0.01691377021471352
2023-09-18,175.74652099609375,177.13890868226434,173.96900640397726,174.2751309871455,67257600,172.82342529296875,172.03347778320312,177.119140625,175.34161376953125,174.4740208217076,177.06041208902994,1.8480931894241357,0.01691377021471352,0,0.006180821835980899
2023-09-19,176.83277893066406,177.38578010579235,174.91701409671836,175.3021409914078,51826900,175.74652099609375,173.5443572998047,174.0973663330078,175.953857421875,174.5995810372489,177.07559356689453,1.9898139150877263,0.006180821835980899,1,-0.019992211521477454
2023-09-20,173.29750061035156,177.45489404541186,173.20861358406935,177.0203888259045,58436200,176.83277893066406,172.82342529296875,172.03347778320312,177.119140625,174.05363246372767,176.94170430501302,1.6840907787998998,-0.019992211521477454,2,-0.008889495453334728
2023-09-21,171.75697326660156,174.09737357666756,171.68785565712008,172.36923745366522,63149100,173.29750061035156,175.74652099609375,173.5443572998047,174.0973663330078,173.71929059709822,176.80938822428385,1.8932868217902006,-0.008889495453334728,3,0.004944357653271281
2023-09-22,172.606201171875,174.86759879629756,171.87545623128412,172.4877052502978,56725400,171.75697326660156,176.83277893066406,172.82342529296875,172.03347778320312,173.80110822405135,176.71261037190754,1.8192193515294615,0.004944357653271281,4,0.0073805331013656605
2023-09-25,173.880126953125,174.7590070374673,171.97423178505466,172.02361011818323,46172700,172.606201171875,173.29750061035156,175.74652099609375,173.5443572998047,173.8490753173828,176.6563232421875,1.81574462787859,0.0073805331013656605,0,-0.023398460151668132
2023-09-26,169.8115997314453,173.01111068359924,169.51534481079926,172.63586851438868,64588900,173.880126953125,171.75697326660156,176.83277893066406,172.82342529296875,173.41881452287947,176.4094472249349,2.371179453263527,-0.023398460151668132,1,-0.008897476837743001
2023-09-27,168.3007049560547,170.8780972082127,166.93795639924983,170.4633463371719,66921800,169.8115997314453,172.606201171875,173.29750061035156,175.74652099609375,172.3551265171596,176.1783706665039,2.7866274387830017,-0.008897476837743001,2,0.0015254191956213248
2023-09-28,168.55743408203125,169.88068876106084,165.52578284422083,167.22429469748067,56294400,168.3007049560547,173.880126953125,171.75697326660156,176.83277893066406,171.17293439592635,175.9848180135091,2.2796858011064636,0.0015254191956213248,3,0.0030465537750146154
2023-09-29,169.07095336914062,170.90771561508154,168.21181267677895,169.870831028669,51861100,168.55743408203125,169.8115997314453,172.606201171875,173.29750061035156,170.5691419328962,175.89297943115236,2.180763986129844,0.0030465537750146154,4,0.014835517011644317
2023-10-02,171.57920837402344,172.12233981703872,168.79443355791753,169.08081880430257,52164500,169.07095336914062,168.3007049560547,173.880126953125,171.75697326660156,170.5437469482422,175.86861979166667,2.165608689670018,0.014835517011644317,0,-0.0077698525027313226
2023-10-03,170.24606323242188,171.46070671019788,168.68581669291316,170.1078129668395,49594600,171.57920837402344,168.55743408203125,169.8115997314453,172.606201171875,170.20658438546317,175.75538431803386,1.9654649150837886,-0.0077698525027313226,1,0.007308792868777836
2023-10-04,171.4903564453125,172.03348795172127,168.8339619515459,168.9524578917983,53020300,170.24606323242188,169.07095336914062,168.3007049560547,173.880126953125,169.8651885986328,175.63787129720052,1.3238587611549333,0.007308792868777836,2,0.007198015587440265
2023-10-05,172.72474670410156,173.25799352598938,170.52259660006877,171.6187292983148,48527900,171.4903564453125,171.57920837402344,168.55743408203125,169.8115997314453,170.28135245186942,175.43345845540364,1.7067252483240118,0.007198015587440265,3,0.014750228561933199
2023-10-06,175.27247619628906,175.76622928314396,171.01631193035507,171.62857600439608,57266700,172.72474670410156,170.24606323242188,169.07095336914062,168.3007049560547,171.2773197719029,175.4699951171875,2.292093724487444,0.014750228561933199,4,0.008451283954939992
2023-10-09,176.75375366210938,176.81300162773064,173.60360623261292,174.60098214625398,42390800,175.27247619628906,171.4903564453125,171.57920837402344,168.55743408203125,172.44822256905692,175.48250325520834,2.7239254247060014,0.008451283954939992,0,-0.003352200594385235
2023-10-10,176.16123962402344,177.4746247468579,175.72673446240606,175.87486944103904,43698000,176.75375366210938,172.72474670410156,170.24606323242188,169.07095336914062,173.46112060546875,175.42325236002605,2.5728528165170306,-0.003352200594385235,1,0.007904180745390343
2023-10-11,177.55364990234375,177.60302823490863,175.38113888285298,175.9736336691769,47551100,176.16123962402344,175.27247619628906,171.4903564453125,171.57920837402344,174.31461225237166,175.2810526529948,2.8232810744575803,0.007904180745390343,2,0.005061207498421316
2023-10-12,178.45228576660156,180.0619109305439,176.80313684087554,177.8202822818536,56743100,177.55364990234375,176.75375366210938,172.72474670410156,170.24606323242188,175.48692975725447,175.0526102701823,2.542061132532137,0.005061207498421316,3,-0.01029281707156593
2023-10-13,176.61550903320312,179.6570151987734,175.91437292525092,179.1533924067404,51427100,178.45228576660156,176.16123962402344,175.27247619628906,171.4903564453125,176.2190944126674,174.75570068359374,1.8403390165539624,-0.01029281707156593,4,-0.0007268455249798134
2023-10-16,176.4871368408203,176.84263973108403,174.3047411678942,174.54174811745375,52517000,176.61550903320312,177.55364990234375,176.75375366210938,172.72474670410156,176.75657871791296,174.4021733601888,1.0132654605562874,-0.0007268455249798134,0,-0.008784688500458326
2023-10-17,174.93675231933594,176.19088966345473,172.61612132571108,174.44299912050275,57549400,176.4871368408203,178.45228576660156,176.16123962402344,175.27247619628906,176.7086181640625,173.98906707763672,1.0994959212085977,-0.008784688500458326,1,-0.007394814758926449
2023-10-18,173.64312744140625,175.36139405816417,172.92225196490105,173.38638119353993,54764400,174.93675231933594,176.61550903320312,177.55364990234375,176.75375366210938,176.26424298967635,173.7563446044922,1.5951101724102075,-0.007394814758926449,2,-0.0021612713530446692
2023-10-19,173.26783752441406,175.6180919396984,173.00120664203897,173.84057783744473,59302900,173.64312744140625,176.4871368408203,178.45228576660156,176.16123962402344,175.85089983258928,173.68721872965494,1.959512134567458,-0.0021612713530446692,3,-0.014704083500883813
2023-10-20,170.7200927734375,173.22835212793277,170.4830858385587,173.11972583296543,64244000,173.26783752441406,174.93675231933594,176.61550903320312,177.55364990234375,174.87467738560267,173.51275990804035,2.5752953956550755,-0.014704083500883813,4,0.0006941172180396915
2023-10-23,170.83859252929688,171.8359684831129,167.80694090892598,168.77470794688867,55980100,170.7200927734375,173.64312744140625,176.4871368408203,178.45228576660156,173.78700692313058,173.30340830485025,2.4153118585482463,0.0006941172180396915,0,0.0025434799578925027
2023-10-24,171.2731170654297,171.50023932449824,169.30797385167378,170.88799016172553,43816600,170.83859252929688,173.26783752441406,174.93675231933594,176.61550903320312,173.0238080705915,173.20926666259766,2.2077250302295273,0.0025434799578925027,1,-0.013491759806958936
2023-10-25,168.96234130859375,170.89784530264086,168.51795139973865,169.73259505065448,57157000,171.2731170654297,170.7200927734375,173.64312744140625,176.4871368408203,171.94883728027344,173.10689544677734,2.0678583745214865,-0.013491759806958936,2,-0.02460563042959185
2023-10-26,164.80491638183594,169.23882483986895,163.60015755926395,168.24143389027685,70625300,168.96234130859375,170.83859252929688,173.26783752441406,174.93675231933594,170.50143214634485,172.81558074951172,2.9748761238324564,-0.02460563042959185,3,0.007969424076595288
2023-10-27,166.11831665039062,166.8490767618186,164.7456834493569,164.82468576422622,58499100,164.80491638183594,171.2731170654297,170.7200927734375,173.64312744140625,169.42645917619978,172.59207712809246,3.0097566798374715,0.007969424076595288,4,0.012305256031884593
2023-10-30,168.16244506835938,169.03145545417337,166.7601878982554,166.90832288755587,51131000,166.11831665039062,168.96234130859375,170.83859252929688,173.26783752441406,168.6971173967634,172.33927459716796,2.498992452403869,0.012305256031884593,0,0.0028188787384895164
2023-10-31,168.636474609375,168.76484019690602,165.80232095364974,167.23421730907862,44846000,168.16244506835938,164.80491638183594,171.2731170654297,170.7200927734375,168.39945765904017,172.066064453125,2.336693482959483,0.0028188787384895164,1,0.018738463375969072
2023-11-01,171.7964630126953,172.0532092124064,167.99455793411695,168.86356825336904,56934900,168.636474609375,166.11831665039062,168.96234130859375,170.83859252929688,168.53629629952567,172.01602986653646,2.523886267992998,0.018738463375969072,2,0.020693138102078512
2023-11-02,175.35147094726562,175.55883879665177,173.26783240773895,173.32708036470643,77334800,171.7964630126953,168.16244506835938,164.80491638183594,171.2731170654297,169.1189182826451,172.13584645589194,3.530823565652363,0.020693138102078512,3,-0.0051810703147991966
2023-11-03,174.44296264648438,174.61085195895754,171.18420427007575,172.06308417750907,79829200,175.35147094726562,168.636474609375,166.11831665039062,168.96234130859375,169.90186418805803,172.19707183837892,4.058534060353568,-0.0051810703147991966,4,0.014605292691038274
2023-11-06,176.99075317382812,177.18825142381783,174.00849494223715,174.17636920813592,63841300,174.44296264648438,171.7964630126953,168.16244506835938,164.80491638183594,171.64269801548548,172.300759379069,4.12088472548688,0.014605292691038274,0,0.014450741969362468
2023-11-07,179.54840087890625,180.1606499568927,176.73400192517136,176.9413698079054,70530000,176.99075317382812,175.35147094726562,168.636474609375,166.11831665039062,173.56128147670202,172.6253194173177,4.244697797225365,0.014450741969362468,1,0.005884905468601653
2023-11-08,180.6050262451172,181.15802736111343,179.32126504404005,180.07177947416378,49340300,179.54840087890625,174.44296264648438,171.7964630126953,168.16244506835938,175.3387930733817,173.03546346028645,4.212181339140686,0.005884905468601653,2,-0.002624421781070141
2023-11-09,180.13104248046875,181.81966995293172,179.53853262491765,180.67417400336532,53763500,180.6050262451172,176.99075317382812,175.35147094726562,168.636474609375,176.98087419782365,173.42125040690104,3.307173981282902,-0.002624421781070141,3,0.02321985777633806
2023-11-10,184.31365966796875,184.48177017271385,181.47578777634308,181.91086536697577,66133400,180.13104248046875,179.54840087890625,174.44296264648438,171.7964630126953,178.76904514857702,173.929340616862,3.418896859751297,0.02321985777633806,4,-0.008583529676683188
2023-11-13,182.73159790039065,183.94782669363863,182.1482051958573,183.74018560328048,43627500,184.31365966796875,180.6050262451172,176.99075317382812,175.35147094726562,179.82334899902344,174.30108693440755,3.326014858948439,-0.008583529676683188,0,0.01428575245889574
2023-11-14,185.3420562744141,186.0045554032819,184.21481647353397,185.599140759526,60108400,182.73159790039065,180.13104248046875,179.54840087890625,174.44296264648438,181.38036237444197,174.80428670247395,2.9129534606050855,0.01428575245889574,1,0.0030408566956763305
2023-11-15,185.90565490722656,187.3789832148446,185.6782334530312,185.7474572062222,53790500,185.3420562744141,184.31365966796875,180.6050262451172,176.99075317382812,182.65391976492745,175.28479665120443,2.606650205629325,0.0030408566956763305,2,0.00904230167440212
2023-11-16,187.586669921875,188.82267924718172,186.53852134009117,187.44823748096084,54412900,185.90565490722656,182.73159790039065,180.13104248046875,179.54840087890625,183.80224391392298,175.7801940917969,2.7756377605969083,0.00904230167440212,3,-0.00010566404851919398
2023-11-17,187.5668487548828,188.24912816814668,186.4593894684262,188.12057839811112,50922700,187.586669921875,185.3420562744141,184.31365966796875,180.6050262451172,184.79678998674666,176.19000651041668,2.6848707423380382,-0.00010566404851919398,4,0.009278348921986312
2023-11-20,189.30715942382807,189.7620174322178,187.75473976876387,187.76462241033667,46505100,187.5668487548828,185.90565490722656,182.73159790039065,180.13104248046875,186.10766383579798,176.60845336914062,2.228478043722002,0.009278348921986312,0,-0.004230869240911317
2023-11-21,188.5062255859375,189.37638084971888,187.61630503925363,189.2676114417462,38134500,189.30715942382807,187.586669921875,185.3420562744141,184.31365966796875,186.70660182407923,177.01995290120442,2.2293589088384267,-0.004230869240911317,1,0.0035145051653140413
2023-11-22,189.16873168945312,190.77059476808083,188.69410838615653,189.34672485819107,39617700,188.5062255859375,187.5668487548828,185.90565490722656,182.73159790039065,187.6261923653739,177.40712229410806,1.5363455992309298,0.0035145051653140413,2,-0.007004393354005489
2023-11-24,187.84371948242188,188.76330300712377,187.13177703645837,188.73363999587545,24048300,189.16873168945312,189.30715942382807,187.586669921875,185.3420562744141,187.98357282366072,177.7201700846354,1.1617617098273343,-0.007004393354005489,4,-0.0009475630854440809
2023-11-27,187.6657257080078,188.53588093642716,186.78568783853885,187.79427548166112,40552600,187.84371948242188,188.5062255859375,187.5668487548828,185.90565490722656,188.2350115094866,178.08851064046223,0.7570640279953005,-0.0009475630854440809,0,0.00321403746249338
2023-11-28,188.26889038085935,188.9412871423915,187.28008315178343,187.6558347269926,38415400,187.6657257080078,189.16873168945312,189.30715942382807,187.586669921875,188.3324715750558,178.48123575846355,0.7015681682179414,0.00321403746249338,1,-0.005409538845829842
2023-11-29,187.2504425048828,189.93999969621768,186.85492560121705,188.76331653900837,43014200,188.26889038085935,187.84371948242188,188.5062255859375,187.5668487548828,188.28727068219865,178.89169209798177,0.766321748012804,-0.005409538845829842,2,0.0030626700821283492
2023-11-30,187.8239288330078,188.18979776505012,186.08363355367436,187.71515943504943,48794400,187.2504425048828,187.6657257080078,189.16873168945312,189.30715942382807,188.07538059779577,179.36438547770183,0.6303074511295135,0.0030626700821283492,3,0.006791489540084017
2023-12-01,189.0995330810547,189.4159436040849,187.11202054575708,188.19971472368127,45704800,187.8239288330078,188.26889038085935,187.84371948242188,188.5062255859375,188.16013881138392,179.89210866292316,0.7299198722531145,0.006791489540084017,4,-0.00946482993751141
2023-12-04,187.3097381591797,187.9228088748552,185.3519041538941,187.85358512953687,43389500,189.0995330810547,187.2504425048828,187.6657257080078,189.16873168945312,187.89456830705916,180.44509684244792,0.6336305371517292,-0.00946482993751141,0,0.021063365812851842
2023-12-05,191.25511169433597,192.22413865175915,188.0513705178724,188.08104861869373,66628400,187.3097381591797,187.8239288330078,188.26889038085935,187.84371948242188,188.3819100516183,181.12564748128256,1.4163967410615537,0.021063365812851842,1,-0.005687048007853912
2023-12-06,190.1674346923828,192.58011192579397,189.95977851245675,192.27358406476236,41089700,191.25511169433597,189.0995330810547,187.2504425048828,187.6657257080078,188.73929704938615,181.75545806884764,1.5175736299582137,-0.005687048007853912,2,0.010139283964222257
2023-12-07,192.09559631347656,192.817421410012,191.42319951100376,191.46276025185608,47477700,190.1674346923828,187.3097381591797,187.8239288330078,188.26889038085935,189.28596932547433,182.5265665690104,1.9480625677965564,0.010139283964222257,3,0.007412398761253325
2023-12-08,193.5194854736328,193.79635031367133,191.50231010992096,192.02637677770835,53406400,192.09559631347656,191.25511169433597,189.0995330810547,187.2504425048828,190.1815468924386,183.4837188720703,2.2706299382374384,0.007412398761253325,4,-0.012927347959111879
2023-12-11,191.01779174804688,191.3243346926335,189.2774962882125,190.9485830810774,60943700,193.5194854736328,190.1674346923828,187.3097381591797,187.8239288330078,190.6378130231585,184.3137013753255,2.025596742057413,-0.012927347959111879,0,0.007920251415859614
2023-12-12,192.53070068359372,192.54058332617893,189.5741610462004,190.91893974997748,52696900,191.01779174804688,192.09559631347656,191.25511169433597,189.0995330810547,191.1279798235212,185.1259765625,2.006370148556179,0.007920251415859614,1,0.016691404418494482
2023-12-13,195.7443084716797,195.78385412672148,192.66911702808835,192.90642113434447,70404200,192.53070068359372,193.5194854736328,190.1674346923828,187.3097381591797,192.33291843959265,186.02957102457682,1.8583822866090445,0.016691404418494482,2,0.0007576998322225137
2023-12-14,195.8926239013672,197.3857175620074,193.964452594447,195.8036348613561,66831600,195.7443084716797,191.01779174804688,192.09559631347656,191.25511169433597,192.99542018345423,186.83277638753256,2.2045023629389346,0.0007576998322225137,3,-0.0027258099555701465
2023-12-15,195.3586578369141,196.17935458626624,194.79503045579116,195.3190970971854,128538400,195.8926239013672,192.53070068359372,193.5194854736328,190.1674346923828,193.73702348981584,187.4996826171875,1.9534817647042366,-0.0027258099555701465,4,-0.008503224823821043
2023-12-18,193.69747924804688,194.42920214917604,192.21426816132805,193.89523770867532,55751900,195.3586578369141,195.7443084716797,191.01779174804688,192.09559631347656,193.96586390904017,188.1414998372396,1.8182982446840936,-0.008503224823821043,0,0.00536002466646468
2023-12-19,194.73570251464844,194.74558515548247,193.69745188302565,193.96443406555755,40714100,193.69747924804688,195.8926239013672,192.53070068359372,193.5194854736328,194.13960920061385,188.73299814860027,1.8266242464542304,0.00536002466646468,1,-0.010713749252773908
2023-12-20,192.64935302734372,195.46744514462725,192.64935302734372,194.6961765577493,52242800,194.73570251464844,195.3586578369141,195.7443084716797,191.01779174804688,194.37268938337053,189.16969655354816,1.420925254899475,-0.010713749252773908,2,-0.0007701100664149196
2023-12-21,192.50099182128903,194.87413831888384,191.33420648650613,193.90511142023345,46482500,192.64935302734372,193.69747924804688,195.8926239013672,192.53070068359372,194.36844526018416,189.56622873942058,1.4273737413978098,-0.0007701100664149196,3,-0.0055475122555187495
2023-12-22,191.4330902099609,193.22282892375424,190.81013681243016,192.9953923922105,37149600,192.50099182128903,194.73570251464844,195.3586578369141,195.7443084716797,193.75255693708147,189.94296366373698,1.6478498866795652,-0.0055475122555187495,4,-0.002840880332548701
2023-12-26,190.8892517089844,191.719846217368,190.6717128965979,191.4429813812401,28919300,191.4330902099609,192.64935302734372,193.69747924804688,195.8926239013672,193.03778948102678,190.16215006510416,1.6499918231190778,-0.002840880332548701,1,0.0005179807256812108
2023-12-27,190.98812866210935,191.3342172608312,188.95118798803827,190.33552729492325,48087700,190.8892517089844,192.50099182128903,194.73570251464844,195.3586578369141,192.4134281703404,190.43736775716147,1.438791641241218,0.0005179807256812108,2,0.0022262439042943782
2023-12-28,191.41331481933597,192.4812284908812,191.00790021395272,191.967044481322,34049900,190.98812866210935,191.4330902099609,192.64935302734372,193.69747924804688,192.08711896623885,190.63974304199218,1.355656297970551,0.0022262439042943782,3,-0.005424066378927672
2023-12-29,190.3750762939453,192.2241411947973,189.5840274029703,191.72973752393827,42672100,191.41331481933597,190.8892517089844,192.50099182128903,194.73570251464844,191.46417236328125,190.78872375488282,0.8392935518695777,-0.005424066378927672,4,-0.035786544875329285
2024-01-02,183.5622100830078,186.3308738952772,181.83179708633995,185.05530386559408,82488700,190.3750762939453,190.98812866210935,191.4330902099609,192.64935302734372,190.16600908551897,190.65457509358723,2.985136551861233,-0.035786544875329285,1,-0.0074876559994139225
2024-01-03,182.1877593994141,183.79952025374087,181.37693010719957,182.15809638511385,58414500,183.5622100830078,191.41331481933597,190.8892517089844,192.50099182128903,188.69269016810827,190.47527211507162,4.00981887891545,-0.0074876559994139225,2,-0.01270015210399944
2024-01-04,179.8739471435547,181.04073256447916,178.85547678867908,180.1112512492328,71983600,182.1877593994141,190.3750762939453,190.98812866210935,191.4330902099609,187.04138401576452,190.16083170572918,4.960588619854764,-0.01270015210399944,3,-0.004013074409289441
2024-01-05,179.152099609375,180.7144169560074,178.15340966673114,179.953046197359,62379700,179.8739471435547,183.5622100830078,191.41331481933597,190.8892517089844,185.3646480015346,189.84902750651042,5.406774358202067,-0.004013074409289441,4,0.024174868187411658
2024-01-08,183.4830780029297,183.52263874374276,179.46852282651062,180.0519155054874,59144500,179.152099609375,182.1877593994141,190.3750762939453,190.98812866210935,184.29249790736608,189.65950571695964,4.817839832537076,0.024174868187411658,0,-0.002263498766335803
2024-01-09,183.06776428222656,183.0776469225398,180.68473531069785,181.86141829199207,42841800,183.4830780029297,179.8739471435547,183.5622100830078,191.41331481933597,183.10027640206474,189.50030721028645,3.6540771303372024,-0.002263498766335803,1,0.0056715011899532985
2024-01-10,184.1060333251953,184.31367440860305,181.8614365329183,182.2866315170422,46792900,183.06776428222656,179.152099609375,182.1877593994141,190.3750762939453,182.20469883510046,189.38165079752605,1.9402790743900526,0.0056715011899532985,2,-0.0032226401514461323
2024-01-11,183.51272583007807,184.9563909902637,181.5647744262664,184.45208965863696,49128400,184.1060333251953,183.4830780029297,179.8739471435547,183.5622100830078,182.19762965611048,189.22311197916667,1.9345906258366221,-0.0032226401514461323,3,0.0017783779244333608
2024-01-12,183.83908081054688,184.6499101684802,183.11725559073133,183.9775132511691,40477800,183.51272583007807,183.06776428222656,179.152099609375,182.1877593994141,182.43353271484375,189.1093999226888,2.031442756435439,0.0017783779244333608,4,-0.012317317334764932
2024-01-16,181.57467651367188,182.19761480887053,178.90488492167398,180.1211286782067,65603000,183.83908081054688,184.1060333251953,183.4830780029297,179.8739471435547,182.67649405343192,188.90109151204427,1.7575315184107672,-0.012317317334764932,1,-0.005173333261622726
2024-01-17,180.6353302001953,180.88253205239923,178.28197882705663,179.2411232206481,47317400,181.57467651367188,183.51272583007807,183.06776428222656,179.152099609375,182.88838413783483,188.61895141601562,1.2886824054452806,-0.005173333261622726,2,0.032570467076816545
2024-01-18,186.51870727539065,187.0229935165519,183.75004409317063,184.00712853391943,78005800,180.6353302001953,183.83908081054688,184.1060333251953,183.4830780029297,183.3220454624721,188.59258371988932,1.8917965152693945,0.032570467076816545,3,0.015533034623750996
2024-01-19,189.41590881347656,189.80154302609117,186.7065866846462,187.21087293560348,68903000,186.51870727539065,181.57467651367188,183.51272583007807,183.06776428222656,184.22892325265067,188.53127695719402,2.9661109405236243,0.015533034623750996,4,0.012163471867581155
2024-01-22,191.7198638916016,193.143748944668,190.1081030206995,190.1476637655088,60133900,189.41590881347656,180.6353302001953,183.83908081054688,184.1060333251953,185.31661333356584,188.58302459716796,4.094803340945844,0.012163471867581155,0,0.006653161477371938
2024-01-23,192.9954071044922,193.55903452389103,191.66052626402544,192.83720939883852,42355600,191.7198638916016,186.51870727539065,181.57467651367188,183.51272583007807,186.67128208705358,188.61301829020184,4.889929413866295,0.006653161477371938,1,-0.003483909540267005
2024-01-24,192.32302856445312,194.18199120084623,192.16481576816375,193.23272951111284,53631300,192.9954071044922,189.41590881347656,180.6353302001953,183.83908081054688,187.8832746233259,188.57313639322916,5.117076816143148,-0.003483909540267005,2,-0.001696513875425465
2024-01-25,191.9967498779297,194.07325165678844,190.94861634521232,193.0350007673591,54822100,192.32302856445312,191.7198638916016,186.51870727539065,181.57467651367188,189.3721422467913,188.60576833089192,4.448071338860182,-0.001696513875425465,3,-0.009012772220014176
2024-01-26,190.26632690429688,192.58013270627515,189.79170355496896,192.0956267141711,44594000,191.9967498779297,192.9954071044922,189.41590881347656,180.6353302001953,190.7479989188058,188.53028920491536,2.2334145086323813,-0.009012772220014176,4,-0.0035860089592882893
2024-01-29,189.5840301513672,190.04877081575225,187.4581003710548,189.86089500402176,47145600,190.26632690429688,192.32302856445312,191.7198638916016,186.51870727539065,191.18590218680245,188.32494659423827,1.4174180038525794,-0.0035860089592882893,0,-0.019245803016746055
2024-01-30,185.93533325195312,189.65325866018404,185.37172089064356,188.80288370915284,55859400,189.5840301513672,191.9967498779297,192.9954071044922,189.41590881347656,190.68867710658483,187.99303690592447,2.406914031184589,-0.019245803016746055,1,-0.019357745929615477
2024-01-31,182.33604431152344,185.0058358609704,182.28661602120093,184.94649475418208,55467800,185.93533325195312,190.26632690429688,192.32302856445312,191.7198638916016,189.34813145228796,187.55894978841147,3.8919382657369654,-0.019357745929615477,2,0.01334080919195868
2024-02-01,184.7685546875,184.85754373397813,181.7625867762094,181.93068222666932,64885400,182.33604431152344,189.5840301513672,191.9967498779297,192.9954071044922,188.17286682128906,187.26131896972657,3.8489019165023977,0.01334080919195868,3,-0.005405156762842034
2024-02-02,183.7698516845703,185.23328233515724,177.2437171517322,177.84689023760967,102551700,184.7685546875,185.93533325195312,190.26632690429688,192.32302856445312,186.95098440987724,186.89579060872396,3.665060235650243,-0.005405156762842034,4,0.00984652271287989
2024-02-05,185.579345703125,187.1317803970082,183.75994390321247,186.0440863383638,69668800,183.7698516845703,182.33604431152344,189.5840301513672,191.9967498779297,186.03421238490515,186.66012369791667,2.91931345092589,0.00984652271287989,0,0.00863179535686509
2024-02-06,187.1812286376953,187.19111127921155,184.67954732588265,184.76853636353556,43490800,185.579345703125,184.7685546875,185.93533325195312,190.26632690429688,185.5934840611049,186.48279825846353,2.351577801521869,0.00863179535686509,1,0.0005811475222075035
2024-02-07,187.29000854492188,188.91165203661865,186.49895962721544,188.50623739169367,53439000,187.1812286376953,183.7698516845703,182.33604431152344,189.5840301513672,185.26576668875558,186.34469553629557,1.7972875596469322,0.0005811475222075035,2,-0.00575465458629687
2024-02-08,186.21221923828125,187.41855040104747,185.25307484073457,187.27023532431497,40962000,187.29000854492188,185.579345703125,184.7685546875,185.93533325195312,185.3053218296596,186.1887944539388,1.8174137400033379,-0.00575465458629687,3,0.004093790653973972
2024-02-09,186.9745330810547,188.10321111496148,186.13296840440984,186.7765071990768,45155200,186.21221923828125,187.1812286376953,183.7698516845703,182.33604431152344,185.96796308244978,186.0550079345703,1.3362858618134457,0.004093790653973972,4,-0.009001871537282824
2024-02-12,185.2914123535156,186.796321504533,184.9349868995182,186.54880424779185,41781900,186.9745330810547,187.29000854492188,185.579345703125,184.7685546875,186.04265703473772,185.85094451904297,1.271091755951118,-0.009001871537282824,0,-0.01127423958216145
2024-02-13,183.202392578125,184.36078680146468,181.68758795653508,183.92515394948336,56529500,185.2914123535156,186.21221923828125,187.1812286376953,183.7698516845703,185.96159144810267,185.61185506184896,1.4462308558614345,-0.01127423958216145,1,-0.004809953931052657
2024-02-14,182.3211975097656,183.68749754312392,180.6281880058035,183.47959151637605,54630500,183.202392578125,186.9745330810547,187.29000854492188,185.579345703125,185.4961417061942,185.57048797607422,2.0057980170705414,-0.004809953931052657,2,-0.0015747448948421061
2024-02-15,182.0340881347656,182.65783644316613,179.5490203671251,181.72716915991907,65434500,182.3211975097656,185.2914123535156,186.21221923828125,187.1812286376953,184.76083592006134,185.56536560058595,2.2173906918790007,-0.0015747448948421061,3,-0.00843032724979298
2024-02-16,180.49948120117188,183.0142649801448,179.86583763061847,181.5984584212064,49752500,182.0340881347656,183.202392578125,186.9745330810547,187.29000854492188,183.79076058523992,185.58621673583986,2.404025640110368,-0.00843032724979298,4,-0.004113713726034529
2024-02-20,179.7569580078125,180.6183133605895,178.2124525032785,179.98466968931257,53665600,180.49948120117188,182.3211975097656,185.2914123535156,186.21221923828125,182.86858040945867,185.60637868245442,2.5537953115214997,-0.004113713726034529,1,0.00418579706621558
2024-02-21,180.50938415527344,181.0737156195715,178.8658660184515,180.13315310757224,41371400,179.7569580078125,182.0340881347656,183.202392578125,186.9745330810547,181.94498770577565,185.50725555419922,1.909058153784984,0.00418579706621558,2,0.011244001726816277
2024-02-22,182.53903198242188,183.1231842228548,180.64801151557128,181.6578711029192,52292200,180.50938415527344,180.49948120117188,182.3211975097656,185.2914123535156,181.5517905099051,185.48963114420573,1.2870587038496188,0.011244001726816277,3,-0.01003412389560443
2024-02-23,180.70741271972656,183.20237592421452,180.42028422645075,183.17267506039363,45119700,182.53903198242188,179.7569580078125,182.0340881347656,183.202392578125,181.1953648158482,185.3763437906901,1.0830768193883928,-0.01003412389560443,4,-0.007451252617509563
2024-02-26,179.3609161376953,180.9450175834942,178.85597124394113,180.43019254491847,40867400,180.70741271972656,180.50938415527344,180.49948120117188,182.3211975097656,180.77246747698103,185.23795013427736,1.1463085654771072,-0.007451252617509563,0,0.00811435730208343
2024-02-27,180.8163146972656,182.0934971193568,177.77679547469845,179.30151026553332,54318900,179.3609161376953,182.53903198242188,179.7569580078125,182.0340881347656,180.59849984305245,185.13719126383464,1.0068534066347976,0.00811435730208343,1,-0.00662558192091145
2024-02-28,179.61830139160156,181.3014155316966,178.34111913385524,180.6974728870872,48953900,180.8163146972656,180.70741271972656,180.50938415527344,180.49948120117188,180.47261701311385,185.0719787597656,1.0741338836000471,-0.00662558192091145,2,-0.0036929133289697047
2024-02-29,178.95498657226562,180.75691955299587,177.74710108364005,179.4698267249393,136682600,179.61830139160156,179.3609161376953,182.53903198242188,179.7569580078125,180.35804966517858,185.0159673055013,1.198731009722118,-0.0036929133289697047,3,-0.00603035779179284
2024-03-01,177.87582397460938,178.7371792855814,175.61846756104012,177.76691576574171,73563100,178.95498657226562,180.8163146972656,180.70741271972656,180.50938415527344,179.98182678222656,184.72787119547527,1.514896742875563,-0.00603035779179284,4,-0.025381242778111823
2024-03-04,173.36111450195312,175.14322688917085,172.06411122315788,174.40067502541137,81510100,177.87582397460938,179.61830139160156,179.3609161376953,182.53903198242188,178.67069571358817,184.19271138509114,2.5505082094120364,-0.025381242778111823,0,-0.02844096419858333
2024-03-05,168.43055725097656,170.33148818677603,167.93552268101038,169.06420089624305,95132400,173.36111450195312,178.95498657226562,180.8163146972656,180.70741271972656,176.91685921805245,183.416401163737,4.438678015590666,-0.02844096419858333,1,-0.005878278878066467
2024-03-06,167.4404754638672,169.53943215491887,167.00484265804033,169.36121186741923,68587700,168.43055725097656,177.87582397460938,179.61830139160156,179.3609161376953,175.2139391217913,182.56457010904947,5.5036359497898175,-0.005878278878066467,2,-0.000709535321800181
2024-03-07,167.32167053222656,169.0344857697736,166.81674075207243,167.47017484778516,71765100,167.4404754638672,173.36111450195312,178.95498657226562,180.8163146972656,173.2861328125,181.73119150797527,5.577130134831501,-0.000709535321800181,3,0.010236655692035912
2024-03-08,169.03448486328125,171.9749911536114,167.26226790901475,167.32166963491963,76267000,167.32167053222656,168.43055725097656,177.87582397460938,179.61830139160156,171.77415902273995,180.96578267415364,4.976678635203786,0.010236655692035912,4,0.011831544116346127
2024-03-11,171.034423828125,172.64824117092596,170.34137853305091,171.22253935977105,60139500,169.03448486328125,167.4404754638672,173.36111450195312,178.95498657226562,170.6426500592913,180.32471923828126,3.8432780615454254,0.011831544116346127,0,0.002778503390873155
2024-03-12,171.5096435546875,172.30170175265368,169.3116892312768,171.43043622416553,59825400,171.034423828125,167.32167053222656,168.43055725097656,177.87582397460938,169.73319571358817,179.72223968505858,2.282828652262132,0.002778503390873155,1,-0.01212253746778491
2024-03-13,169.43051147460938,171.4700511814422,169.0641756745517,171.05422401757613,52488700,171.5096435546875,169.03448486328125,167.4404754638672,173.36111450195312,169.1716809953962,179.17207895914714,1.6325119446151233,-0.01212253746778491,2,0.010927432217336719
2024-03-14,171.28195190429688,172.57893998999515,170.34138929390355,171.1928493122845,72913500,169.43051147460938,171.034423828125,167.32167053222656,168.43055725097656,169.57902308872767,178.8036092122396,1.7669680874913711,0.010927432217336719,3,-0.002196588477251127
2024-03-15,170.9057159423828,170.9057159423828,168.59885322457814,169.47011882986197,121752700,171.28195190429688,171.5096435546875,169.03448486328125,167.4404754638672,170.07405744280135,178.34151458740234,1.5386342556212749,-0.002196588477251127,4,0.006372407175158745
2024-03-18,171.9947967529297,175.94517770513775,171.7967859641753,173.82643054023092,75604200,170.9057159423828,169.43051147460938,171.034423828125,167.32167053222656,170.74164690290178,177.94901275634766,1.0953118442353935,0.006372407175158745,0,0.013585080214420842
2024-03-19,174.33135986328125,174.85609525037736,171.31164624406932,172.6086342803731,55215200,171.9947967529297,171.28195190429688,171.5096435546875,169.03448486328125,171.49834333147322,177.57407989501954,1.481089617479745,0.013585080214420842,1,0.014709172357413314
2024-03-20,176.8956298828125,176.8956298828125,173.3511809805003,173.97492929704185,53423100,174.33135986328125,170.9057159423828,169.43051147460938,171.034423828125,172.33565848214286,177.2312266031901,2.488961058719422,0.014709172357413314,2,-0.04085738743755729
2024-03-21,169.6681365966797,175.72736975318543,169.14340118299,175.29173693263047,106181300,176.8956298828125,171.9947967529297,171.28195190429688,171.5096435546875,172.0725860595703,176.64383087158203,2.6807488245932785,-0.04085738743755729,3,0.00531010252288544
2024-03-22,170.569091796875,171.3314491823172,168.37113733503185,170.05425166968308,71160100,169.6681365966797,174.33135986328125,170.9057159423828,169.43051147460938,172.23524039132255,176.1223932902018,2.5236622670022606,0.00531010252288544,4,-0.008300371000685591
2024-03-25,169.15330505371094,170.2324767040703,167.76719930445816,168.87608692531137,54288300,170.569091796875,176.8956298828125,171.9947967529297,171.28195190429688,171.931147984096,175.52835235595703,2.7735503290950696,-0.008300371000685591,0,-0.006672511470028231
2024-03-26,168.02462768554688,169.71763732680742,167.8959138727621,168.31174106723407,57388400,169.15330505371094,169.6681365966797,174.33135986328125,170.9057159423828,171.51956394740515,174.95279286702473,3.1405697095732523,-0.006672511470028231,1,0.021212601694458044
2024-03-27,171.5888671875,171.87599567632833,168.42064920188324,168.71767294274684,60273300,168.02462768554688,170.569091796875,176.8956298828125,171.9947967529297,171.4615740094866,174.5656753540039,3.1340731084186224,0.021212601694458044,2,-0.01055912684184468
2024-03-28,169.77703857421875,170.51959037094832,168.81667037520145,170.0443614510728,65672700,171.5888671875,169.15330505371094,169.6681365966797,174.33135986328125,170.81095668247767,174.147536722819,2.903255469758086,-0.01055912684184468,3,-0.008455752694376373
2024-04-01,168.34144592285156,169.54933141950085,167.79690490268092,169.48992969134684,46240500,169.77703857421875,168.02462768554688,170.569091796875,176.8956298828125,169.58893040248327,173.6911153157552,1.2379520568356317,-0.008455752694376373,0,-0.006998914563208003
2024-04-02,167.16323852539062,167.6582730022656,166.55929585931307,167.4008605129018,49329500,168.34144592285156,171.5888671875,169.15330505371094,169.6681365966797,169.23108782087053,173.24657389322917,1.5371239398646108,-0.006998914563208003,1,0.00479744340820476
2024-04-03,167.96519470214844,168.98496453257434,166.90582876011774,167.11373478373662,47691700,167.16323852539062,169.77703857421875,168.02462768554688,170.569091796875,168.8591025216239,172.8535151163737,1.4730987377670375,0.00479744340820476,2,-0.004892182038373494
2024-04-04,167.1434783935547,170.2126836435028,167.1434783935547,168.59886612133832,53704400,167.96519470214844,168.34144592285156,171.5888671875,169.15330505371094,168.57198442731584,172.4079849243164,1.5968653024826949,-0.004892182038373494,3,0.004501678167120993
2024-04-05,167.89590454101562,168.69785802201392,167.27215623034843,167.90579979250484,42104800,167.1434783935547,167.16323852539062,169.77703857421875,168.02462768554688,168.55359540666853,171.91988067626954,1.6049397851101312,0.004501678167120993,4,-0.0066635003225418155
2024-04-08,166.77713012695312,167.51968192191484,166.5692240844266,167.3513719945941,37425500,167.89590454101562,167.96519470214844,168.34144592285156,171.5888671875,167.86620439801897,171.45553792317708,1.0075051363057121,-0.0066635003225418155,0,0.007242514254010901
2024-04-09,167.98501586914062,168.39094781013864,166.67813256359855,167.02464767080627,42373800,166.77713012695312,167.1434783935547,167.16323852539062,169.77703857421875,167.6102011544364,171.0763412475586,0.5765507913095921,0.007242514254010901,1,-0.011139273758554946
2024-04-10,166.11378479003906,167.4107728345435,165.45044033625643,167.12365945587084,49709300,167.98501586914062,167.89590454101562,167.96519470214844,168.34144592285156,167.2919638497489,170.5862569173177,0.7059370887216918,-0.011139273758554946,2,0.04327083076706573
2024-04-11,173.30166625976562,173.71750852250418,166.49000200344838,166.6682071669761,91070300,166.11378479003906,166.77713012695312,167.1434783935547,167.16323852539062,168.16888209751673,170.37570241292318,2.370201700079107,0.04327083076706573,3,0.008626811996797157
2024-04-12,174.7967071533203,176.58872985356905,172.47994902506244,172.52944039553972,101670900,173.30166625976562,167.98501586914062,167.89590454101562,167.96519470214844,169.14481244768416,170.23709309895833,3.438183451354452,0.008626811996797157,4,-0.02186360288620015
2024-04-15,170.9750213623047,174.8758957155582,170.78690583147454,173.6185038309996,73531800,174.7967071533203,166.11378479003906,166.77713012695312,167.1434783935547,169.69217572893416,170.00706634521484,3.3707989511468774,-0.02186360288620015,0,-0.019167392754978807
2024-04-16,167.6978759765625,172.03436750787574,166.59889888763496,170.04433444727837,73711200,170.9750213623047,173.30166625976562,167.98501586914062,167.89590454101562,169.66388593401228,169.81829172770182,3.389167856288712,-0.019167392754978807,1,-0.008147131893657011
2024-04-17,166.3316192626953,168.95529649982927,166.3316192626953,167.92563121825307,50901200,167.6978759765625,174.7967071533203,166.11378479003906,166.77713012695312,169.6002415248326,169.74832712809246,3.4559378937331697,-0.008147131893657011,2,-0.005714398944142052
2024-04-18,165.38113403320312,166.96525061902096,164.89600984807865,166.36130787024413,43122900,166.3316192626953,170.9750213623047,173.30166625976562,167.98501586914062,169.22825840541296,169.67968241373697,3.7833925334112526,-0.005714398944142052,3,-0.012212575672944204
2024-04-19,163.3614044189453,164.7474951408098,162.4505426435407,164.55939469854349,68149400,165.38113403320312,167.6978759765625,174.7967071533203,166.11378479003906,168.8350612095424,169.54767354329428,4.272434043279091,-0.012212575672944204,4,0.0050908584143942726
2024-04-22,164.19305419921875,165.59895049362888,163.1336881290828,163.87623994630854,48116400,163.3614044189453,166.3316192626953,170.9750213623047,173.30166625976562,167.53383091517858,169.38629252115885,4.067501739017168,0.0050908584143942726,0,0.0063916771586896015
2024-04-23,165.24252319335938,165.39104261951863,163.28219064755024,163.70792820716713,49537800,164.19305419921875,165.38113403320312,167.6978759765625,174.7967071533203,166.16894749232702,169.19322916666667,2.5405968754450794,0.0063916771586896015,1,0.012702350855555933
2024-04-24,167.34149169921875,167.6187098522012,164.5593998092657,164.8861093338651,48251800,165.24252319335938,163.3614044189453,166.3316192626953,170.9750213623047,165.64987182617188,169.05429077148438,1.5873579697199747,0.012702350855555933,2,0.0051474018345398775
2024-04-25,168.20286560058594,168.91571667477083,166.4801396534294,167.84644006349347,50558300,167.34149169921875,164.19305419921875,165.38113403320312,167.6978759765625,165.72201320103235,169.01336924235025,1.7031958935392335,0.0051474018345398775,3,-0.0034730843447400295
2024-04-26,167.61868286132812,169.63841695172266,167.49986430971396,168.19292468782604,44838400,168.20286560058594,165.24252319335938,163.3614044189453,166.3316192626953,165.9058794294085,168.8912602742513,1.8436533581868801,-0.0034730843447400295,4,0.0248079709729343
2024-04-29,171.77696228027344,174.2818355072499,171.38094074443055,171.64824848286057,68169400,167.61868286132812,167.34149169921875,164.19305419921875,165.38113403320312,166.81956917898995,168.92030181884766,2.850286524555351,0.0248079709729343,0,-0.018270808766541635
2024-04-30,168.63845825195312,173.25218351807536,168.31173366197407,171.6086653165762,65934800,171.77696228027344,168.20286560058594,165.24252319335938,163.3614044189453,167.57343401227678,168.8084238688151,2.4534352880683308,-0.018270808766541635,1,-0.006047110494223129
2024-05-01,167.61868286132812,170.9948217396029,167.43056733625505,167.8959009696714,50383100,168.63845825195312,167.61868286132812,167.34149169921875,164.19305419921875,168.06280953543526,168.58466796875,1.9585168383063252,-0.006047110494223129,2,0.022031927368977078
2024-05-02,171.3116455078125,171.69777183075684,169.19289835753364,170.79680537480178,94214900,167.61868286132812,171.77696228027344,168.20286560058594,165.24252319335938,168.92982700892858,168.39853515625,1.8418113486587213,0.022031927368977078,3,0.05981617660157412
2024-05-03,181.5588531494141,185.14289799826796,180.84600228009177,184.796367814728,163224100,171.3116455078125,168.63845825195312,167.61868286132812,167.34149169921875,170.96087864467077,168.79489237467448,4.974047835782631,0.05981617660157412,4,-0.009106586205937406
2024-05-06,179.9054718017578,182.370734315354,178.62827413884693,180.53911545314372,78569700,181.5588531494141,167.61868286132812,171.77696228027344,168.20286560058594,172.63267953055245,169.1061050415039,5.791971377348465,-0.009106586205937406,0,0.003797024414592176
2024-05-07,180.5885772705078,183.0637497391675,179.5193160584302,181.62815272879564,77305800,179.9054718017578,171.3116455078125,168.63845825195312,167.61868286132812,174.4855215890067,169.4872807820638,5.991752317571437,0.003797024414592176,1,0.0018640389696604753
2024-05-08,180.9252014160156,181.2519259752609,179.64800403830677,181.0341096024307,45057100,180.5885772705078,181.5588531494141,167.61868286132812,171.77696228027344,175.79241289411272,169.91729990641275,6.292641252191085,0.0018640389696604753,2,0.010014325577033745
2024-05-09,182.73704528808597,182.82614787366472,180.3014688648197,180.74699689996783,48983000,180.9252014160156,179.9054718017578,171.3116455078125,168.63845825195312,177.8064967564174,170.28890584309895,5.862836614461628,0.010014325577033745,3,-0.006890113482503235
2024-05-10,181.47796630859372,183.5004400954196,180.5658691005941,183.31206939842303,50759500,182.73704528808597,180.5885772705078,181.5588531494141,167.61868286132812,179.78639439174108,170.67893676757814,3.840253750172641,-0.006890113482503235,4,0.017645337642747894
2024-05-13,184.68020629882807,185.4931713127623,183.03445892506747,183.84742393900163,72044800,181.47796630859372,180.9252014160156,179.9054718017578,171.3116455078125,181.6961887904576,171.22356211344402,1.5854608695372454,0.017645337642747894,0,0.0061734076651784875
2024-05-14,185.8203125,186.68285108112164,184.69010361608505,185.8996272619275,52393600,184.68020629882807,182.73704528808597,180.5885772705078,181.5588531494141,182.30496869768416,171.84546457926433,2.2165048115675097,0.0061734076651784875,1,0.012218096357998753
2024-05-15,188.09068298339844,189.01268886802717,185.76085876781028,186.2962297111884,70400000,185.8203125,181.47796630859372,180.9252014160156,179.9054718017578,183.47428458077567,172.5163141886393,2.8173027431516147,0.012218096357998753,2,0.0006323665736953643
2024-05-16,188.20962524414065,189.458813878606,188.03117836935675,188.8342195613733,52845200,188.09068298339844,184.68020629882807,182.73704528808597,180.5885772705078,184.56300571986608,173.21851908365886,2.983904516068523,0.0006323665736953643,3,0.00015809307644731874
2024-05-17,188.2393798828125,189.1713095252472,187.55530322495105,187.8824709799172,41282900,188.20962524414065,185.8203125,181.47796630859372,180.9252014160156,185.6078883579799,173.89663492838542,2.770732926709947,0.00015809307644731874,4,0.006162061454278112
2024-05-20,189.3993225097656,190.27176982167657,187.38675756521695,187.7040166341828,44361300,188.2393798828125,188.09068298339844,184.68020629882807,182.73704528808597,186.5596422467913,174.6507080078125,2.764481580339622,0.006162061454278112,0,0.006857295330487734
2024-05-21,190.69808959960935,191.07481584379752,189.28036268210627,189.44890089382773,42309400,189.3993225097656,188.20962524414065,185.8203125,181.47796630859372,187.8768027169364,175.4078104654948,2.0417755618832274,0.006857295330487734,1,-0.007538413406104505
2024-05-22,189.26052856445312,191.16405275409195,188.6359493447312,190.61877317517173,34648500,190.69808959960935,188.2393798828125,188.09068298339844,184.68020629882807,188.53113446916853,176.1793685913086,1.5117596225143954,-0.007538413406104505,2,-0.021058053701177193
2024-05-23,185.2750701904297,189.35968258649527,185.02721720275105,189.3398501117122,51005900,189.26052856445312,189.3993225097656,188.20962524414065,185.8203125,188.4532427106585,176.57848205566407,1.6794558590029054,-0.021058053701177193,3,0.016588115468819664
2024-05-24,188.3484344482422,188.94328765804343,186.42509288132968,187.1984081051696,36327000,185.2750701904297,190.69808959960935,188.2393798828125,188.09068298339844,188.4900643484933,177.03020629882812,1.6729951324388768,0.016588115468819664,4,5.2739868578122184e-05
2024-05-28,188.35836791992188,191.3425125399711,187.4760118609873,189.86530324069457,52280100,188.3484344482422,189.26052856445312,189.3993225097656,188.20962524414065,188.51131330217635,177.60965118408203,1.6697810989670179,5.2739868578122184e-05,1,0.0015789532522578753
2024-05-29,188.65577697753903,190.59895109353056,187.8824768517226,187.9816240997488,53068000,188.35836791992188,185.2750701904297,190.69808959960935,188.2393798828125,188.57079860142298,178.3082478841146,1.6658914517434853,0.0015789532522578753,2,0.005255042060476223
2024-05-30,189.6471710205078,190.52952698465035,188.99285067972127,189.12172393667825,49889100,188.65577697753903,188.3484344482422,189.26052856445312,189.3993225097656,188.606205531529,179.08543294270834,1.6889107010598363,0.005255042060476223,3,0.005018699838446716
2024-05-31,190.5989532470703,190.9162123421418,188.2790528434088,189.7959119633218,75158300,189.6471710205078,188.35836791992188,185.2750701904297,190.69808959960935,188.59204319545202,179.9260269165039,1.6687408745364067,0.005018699838446716,4,0.009258677363141787
2024-06-03,192.3636474609375,193.3154095298356,190.8666209557148,191.24334718637152,50080500,190.5989532470703,188.65577697753903,188.3484344482422,189.26052856445312,189.03534589494978,180.89276835123698,2.2026757100277115,0.009258677363141787,0,0.0016493552974503611
2024-06-04,192.6809234619141,193.64259428823092,191.3722523931234,192.96842627855952,47471400,192.3636474609375,189.6471710205078,188.35836791992188,185.2750701904297,190.09332493373327,181.8423639933268,1.845083855298015,0.0016493552974503611,1,0.0078207650470552
2024-06-05,194.18783569335935,195.20898869639487,193.19642383583025,193.7218709101011,54156800,192.6809234619141,190.5989532470703,188.65577697753903,188.3484344482422,190.92752511160714,182.8072077433268,2.208889336124616,0.0078207650470552,2,-0.007096409999643005
2024-06-06,192.80979919433597,194.8124556459051,192.5024638984892,194.0094143560484,41181800,194.18783569335935,192.3636474609375,189.6471710205078,188.35836791992188,191.56344386509485,183.6561513264974,1.9742843013411373,-0.007096409999643005,3,0.01239199198036256
2024-06-07,195.1990966796875,195.24867030234284,192.4727138388465,192.97832848334124,53103900,192.80979919433597,192.6809234619141,190.5989532470703,188.65577697753903,192.49820382254464,184.55602569580077,1.9163247127438803,0.01239199198036256,4,-0.019147836462546364
2024-06-10,191.46145629882807,195.60556579928584,190.49978557066368,195.20899197297103,97010200,195.1990966796875,194.18783569335935,192.3636474609375,189.6471710205078,192.75738743373327,185.3507848103841,1.5551005759284655,-0.019147836462546364,0,0.07264908765950673
2024-06-11,205.37095642089844,205.3808802210458,191.96707924808356,191.98689659289,172373300,191.46145629882807,192.80979919433597,192.6809234619141,190.5989532470703,194.86767360142298,186.4705846150716,4.792009969670654,0.07264908765950673,1,0.028578612191475505
2024-06-12,211.24017333984372,218.30893098905236,205.12314766198512,205.58911253699537,198134300,205.37095642089844,195.1990966796875,194.18783569335935,192.3636474609375,197.56432015555245,187.89064178466796,7.62305100341063,0.028578612191475505,2,0.005490963631756607
2024-06-13,212.40008544921875,214.88852380834692,209.782758705521,212.8957913864929,97862700,211.24017333984372,191.46145629882807,192.80979919433597,192.6809234619141,200.381343296596,189.38335520426432,9.031135703264644,0.005490963631756607,3,-0.008168333973665676
2024-06-14,210.6651306152344,213.3221073788285,209.4853479747781,212.01345147179217,70122700,212.40008544921875,205.37095642089844,195.1990966796875,194.18783569335935,202.73524257114954,190.69513804117838,9.29138781493484,-0.008168333973665676,4,0.019671523197995144
2024-06-17,214.80923461914065,217.0696527520261,210.89316027395952,211.5375720180444,93728300,210.6651306152344,211.24017333984372,191.46145629882807,192.80979919433597,205.87801906040735,191.80348409016926,9.093100630732003,0.019671523197995144,0,-0.010984506175637176
2024-06-18,212.4496612548828,216.75240063817128,211.1707464886947,215.72132373307372,79943300,214.80923461914065,212.40008544921875,205.37095642089844,195.1990966796875,208.3423854282924,192.88829040527344,7.9868878089480715,-0.010984506175637176,1,-0.021512879925240758
2024-06-20,207.87925720214844,212.4001085490653,207.0563985691976,212.09275812722348,86172500,212.4496612548828,210.6651306152344,211.24017333984372,191.46145629882807,210.68778555733817,193.79797973632813,3.148668193562047,-0.021512879925240758,3,-0.010444541906217686
2024-06-21,205.7080535888672,210.0702597495804,205.3313122387871,208.58314195009936,241805100,207.87925720214844,214.80923461914065,212.40008544921875,205.37095642089844,210.73594229561942,194.62407480875652,3.0549820858863703,-0.010444541906217686,4,0.0031327878807974052
2024-06-24,206.3524932861328,210.87332959032133,204.8158016590104,205.9361020610361,80727000,205.7080535888672,212.4496612548828,210.6651306152344,211.24017333984372,210.03770228794642,195.4112564086914,3.453140980448672,0.0031327878807974052,0,0.004468142421827137
2024-06-25,207.2745056152344,209.5646648210329,206.81844945769743,207.3538052595708,55549700,206.3524932861328,207.87925720214844,214.80923461914065,212.40008544921875,209.30547659737724,196.2711410522461,3.411901136781913,0.004468142421827137,1,0.019993239075961844
2024-06-26,211.4185943603516,213.01476817493463,208.8310086144187,209.68362348048936,66213200,207.2745056152344,205.7080535888672,212.4496612548828,210.6651306152344,209.4131142752511,197.16242065429688,3.4732770968034905,0.019993239075961844,2,0.003985917823851937
2024-06-27,212.26129150390625,213.8872063968936,210.52632069800987,212.8462208878068,49772700,211.4185943603516,206.3524932861328,207.87925720214844,214.80923461914065,209.0491224016462,198.04378662109374,2.899669260416232,0.003985917823851937,3,-0.016254113004354198
2024-06-28,208.8111724853516,214.21437951883613,208.4939285392998,213.9169529190877,82542700,212.26129150390625,207.2745056152344,205.7080535888672,212.4496612548828,208.52933829171317,198.73446960449218,2.4849620366831444,-0.016254113004354198,4,0.029104509732035933
2024-07-01,214.88851928710935,215.6419868499251,210.09999821846176,210.2685364182596,60402900,208.8111724853516,211.4185943603516,206.3524932861328,207.87925720214844,209.5306614467076,199.62376607259114,3.4168274521510678,0.029104509732035933,0,0.016239939773913692
2024-07-02,218.3782958984375,218.48735180877676,213.2526983679821,214.293668724795,58046200,214.88851928710935,212.26129150390625,207.2745056152344,205.7080535888672,211.34069606236048,200.6283966064453,4.296956023633043,0.016239939773913692,1,0.0058110740627908
2024-07-03,219.64730834960935,219.64730834960935,217.1489461385908,218.11061688690268,37369800,218.3782958984375,208.8111724853516,211.4185943603516,206.3524932861328,213.23995535714286,201.63666280110678,4.648482298671998,0.0058110740627908,2,0.02162029832149215
2024-07-05,224.39614868164065,224.5052045874235,219.74642480522968,219.74642480522968,60412400,219.64730834960935,214.88851928710935,212.26129150390625,207.2745056152344,215.68590436662947,202.7599314371745,5.42595182214867,0.02162029832149215,4,0.006539020126851369
2024-07-08,225.8634796142578,225.89322076278884,221.3327197032473,225.13973799267995,59085900,224.39614868164065,218.3782958984375,208.8111724853516,211.4185943603516,217.74945940290178,203.9800298055013,6.221079844301564,0.006539020126851369,0,0.003774779527541572
2024-07-09,226.716064453125,227.42988222637769,224.4259054004998,225.9725055332989,48076100,225.8634796142578,219.64730834960935,214.88851928710935,212.26129150390625,219.8144269670759,205.36139628092448,6.488995666081312,0.003774779527541572,1,0.018803526489050038
2024-07-10,230.9791259765625,231.0782732115439,227.28116405346748,227.33073767095817,62627700,226.716064453125,224.39614868164065,218.3782958984375,208.8111724853516,222.9812774658203,206.78241933186848,5.568044072197271,0.018803526489050038,2,-0.02322075689376435
2024-07-11,225.61561584472656,230.39421338925845,223.83107137940016,229.40280147827104,64710600,230.9791259765625,225.8634796142578,219.64730834960935,214.88851928710935,224.5137198311942,208.02432759602866,4.3016863994004355,-0.02322075689376435,3,0.013050839834721106
2024-07-12,228.56008911132807,230.64206011910093,226.7160624017349,226.9540066999144,53046500,225.61561584472656,226.716064453125,224.39614868164065,218.3782958984375,225.96826171875,209.3544713338216,3.5342813524747334,0.013050839834721106,4,0.016743403426977777
2024-07-15,232.386962890625,235.1926606193721,231.0882156126273,234.44910163171727,62631300,228.56008911132807,230.9791259765625,225.8634796142578,219.64730834960935,227.7882123674665,210.7791310628255,2.9722774310656526,0.016743403426977777,0,0.0017917607371695787
2024-07-16,232.8033447265625,234.24088892580107,230.3347237014565,232.9817916034945,43234300,232.386962890625,225.61561584472656,226.716064453125,224.39614868164065,228.98924037388392,212.18594411214193,3.070145962558658,0.0017917607371695787,1,-0.02529599528085469
2024-07-17,226.9143524169922,229.4721968430624,224.6935843942369,227.47944931340317,57345900,232.8033447265625,228.56008911132807,230.9791259765625,225.8634796142578,229.13936505998885,213.33763427734374,2.9135257892022723,-0.02529599528085469,2,-0.020534717803217806
2024-07-18,222.25473022460935,228.46097889584823,220.36114484151932,228.3023493485251,66034600,226.9143524169922,232.386962890625,225.61561584472656,226.716064453125,228.50203159877233,214.32342783610025,3.8646743835643744,-0.020534717803217806,3,0.0005797873165742651
2024-07-19,222.3835906982422,224.8522116623324,221.3624376981624,222.88922042587492,49151500,222.25473022460935,232.8033447265625,228.56008911132807,230.9791259765625,227.2740979875837,215.263286336263,4.288722116751238,0.0005797873165742651,4,-0.0015602302463179063
2024-07-22,222.03662109375,225.82380677595344,221.174082433242,225.06041535891617,48201800,222.3835906982422,226.9143524169922,232.386962890625,225.61561584472656,226.7628130231585,216.23751373291014,4.711856310761944,-0.0015602302463179063,0,0.004688348716054058
2024-07-23,223.07760620117188,224.9910392063895,220.7676144514488,222.44310313331528,39960300,222.03662109375,222.25473022460935,232.8033447265625,228.56008911132807,225.97960117885046,217.1667973836263,4.817782024124517,0.004688348716054058,1,-0.028754247547164935
2024-07-24,216.6631774902344,222.86942645430565,215.2652980307627,222.07629380801336,61777600,223.07760620117188,222.3835906982422,226.9143524169922,232.386962890625,223.73334612165178,218.00685475667316,4.994796885396933,-0.028754247547164935,2,-0.004804624022782145
2024-07-25,215.6221923828125,218.9533371697593,212.77682977395943,217.0498128962932,51391200,216.6631774902344,222.03662109375,222.25473022460935,232.8033447265625,221.27889578683036,218.34856262207032,3.8953739811366384,-0.004804624022782145,3,0.002160991113448807
2024-07-26,216.0881500244141,217.6050090608147,214.15488466672127,216.8217851678197,41601300,215.6221923828125,223.07760620117188,222.3835906982422,226.9143524169922,219.7322954450335,218.51016184488932,3.4030695099273713,0.002160991113448807,4,0.0012846754872148924
2024-07-29,216.36575317382807,217.41664743865044,213.8971319294418,215.096747065996,36311800,216.0881500244141,216.6631774902344,222.03662109375,222.25473022460935,218.8910130092076,218.64235076904296,3.4034768797309787,0.0012846754872148924,0,0.0025659133809590173
2024-07-30,216.92092895507807,218.43778796730905,214.2639371695869,217.3075789949067,41643800,216.36575317382807,215.6221923828125,223.07760620117188,222.3835906982422,218.11063276018413,218.8508773803711,3.080100327373358,0.0025659133809590173,1,0.014990858974981425
2024-07-31,220.1727600097656,221.89782218872543,218.7352157578384,219.53825698895488,50036300,216.92092895507807,216.0881500244141,216.6631774902344,222.03662109375,217.8443668910435,219.0296615600586,2.7466588784315094,0.014990858974981425,2,-0.0167506373515669
2024-08-01,216.48472595214844,222.5521625800544,215.15623749650504,222.4431066544272,62501000,220.1727600097656,216.36575317382807,215.6221923828125,223.07760620117188,216.90252685546872,219.1641637166341,1.500955318242768,-0.0167506373515669,3,0.006869336008356264
2024-08-02,217.97183227539065,223.6625423233413,215.84030263063204,217.2679231335739,105568600,216.48472595214844,216.92092895507807,216.0881500244141,216.6631774902344,217.08947753906247,219.50058288574218,1.5469687165513049,0.006869336008356264,4,-0.04816695160420703
2024-08-05,207.4727935791016,211.6664621054212,194.3167520967801,197.3802115476467,119548600,217.97183227539065,220.1727600097656,216.36575317382807,215.6221923828125,215.92527770996094,219.55940755208334,3.983273972111151,-0.04816695160420703,0,-0.009748372004665606
2024-08-06,205.4502716064453,208.18657796978488,199.3431861620261,203.53685401433648,69660500,207.4727935791016,216.48472595214844,216.92092895507807,216.0881500244141,214.40558079310827,219.52933349609376,5.608501042548771,-0.009748372004665606,1,0.012498302002415196
2024-08-07,208.0180511474609,211.80523672133984,204.61750047992084,205.1231151005704,63516400,205.4502716064453,217.97183227539065,220.1727600097656,216.36575317382807,213.21305193219862,219.55411834716796,5.996319527965964,0.012498302002415196,2,0.01663327751399568
2024-08-08,211.4780731201172,212.36042911915672,207.03655197769595,211.2797937627113,47161100,208.0180511474609,207.4727935791016,216.48472595214844,216.92092895507807,212.4355010986328,219.55610097249348,5.784530946972835,0.01663327751399568,3,0.013735993558752435
2024-08-09,214.3829345703125,214.91829038971971,210.1496011292121,210.27848952903548,42201600,211.4780731201172,205.4502716064453,217.97183227539065,220.1727600097656,211.60838317871094,219.62682240804037,4.8287894092523045,0.013735993558752435,4,0.007129923557630535
2024-08-12,215.91146850585935,217.8767320905019,213.9958359256548,214.4623401059105,38028100,214.3829345703125,208.0180511474609,207.4727935791016,216.48472595214844,211.5264892578125,219.8634989420573,4.736280557958012,0.007129923557630535,0,0.01719303512501158
2024-08-13,219.62364196777344,220.23902400333972,217.38044783379533,217.38044783379533,44155300,215.91146850585935,211.4780731201172,205.4502716064453,217.97183227539065,211.76246207101005,220.0213363647461,5.135266535704383,0.01719303512501158,1,0.0020337303827382414
2024-08-14,220.0702972412109,221.3705477847693,218.06532277692483,218.92885985517657,41960600,219.62364196777344,214.3829345703125,208.0180511474609,207.4727935791016,213.5621054513114,220.0777364095052,5.570362491604819,0.0020337303827382414,2,0.01353049989090005
2024-08-15,223.04795837402344,223.67327566716008,221.1025352094067,222.9288560878089,46414000,220.0702972412109,215.91146850585935,211.4780731201172,205.4502716064453,216.07606070382255,220.19109141031902,5.2617074223499545,0.01353049989090005,3,0.005918521493608608
2024-08-16,224.3680725097656,225.1422676891868,221.98592068094567,222.2539159800548,44340200,223.04795837402344,219.62364196777344,214.3829345703125,208.0180511474609,218.41177804129464,220.19015553792318,4.685977368809752,0.005918521493608608,4,-0.0007078256491040991
2024-08-19,224.20925903320312,224.30852103873067,221.38045847347976,224.0405257400108,40687800,224.3680725097656,220.0702972412109,215.91146850585935,211.4780731201172,220.2305188860212,220.13501485188803,3.9608521284698415,-0.0007078256491040991,0,0.0027446310948757713
2024-08-20,224.8246307373047,225.4797235950926,223.772520166148,224.09014645304697,30299000,224.20925903320312,223.04795837402344,219.62364196777344,214.3829345703125,221.7221897670201,220.07196706136068,3.30318393760385,0.0027446310948757713,1,-0.0004855401145110738
2024-08-21,224.7154693603516,226.2837152200136,223.375523094966,224.8345868015738,34765500,224.8246307373047,224.3680725097656,220.0702972412109,215.91146850585935,222.9799041748047,219.863178507487,2.220678093960271,-0.0004855401145110738,2,-0.008259753392300673
2024-08-22,222.859375,226.64102413052157,222.2340576918725,226.09511339685903,43695300,224.7154693603516,224.20925903320312,223.04795837402344,219.62364196777344,223.44215175083704,219.77130381266275,1.6754496267553571,-0.008259753392300673,3,0.010288243072109626
2024-08-23,225.15220642089844,226.5219434569281,222.66088738350675,223.9809934126029,38677300,222.859375,224.8246307373047,224.3680725097656,220.0702972412109,224.1681387765067,219.65770772298177,0.88583978246591,0.010288243072109626,4,0.0014986877841087765
2024-08-26,225.48963928222656,225.5889012812352,222.22412549030665,225.0727661478488,30602200,225.15220642089844,224.7154693603516,224.20925903320312,223.04795837402344,224.51695033482142,219.42779693603515,0.8512878137668761,0.0014986877841087765,0,0.0037415863874250554
2024-08-27,226.3333282470703,227.14723425887112,223.21669220638535,224.31843379232603,35934600,225.48963928222656,222.859375,224.8246307373047,224.3680725097656,224.7977011544364,219.21212972005208,1.0857764200115605,0.0037415863874250554,1,-0.006753396367190079
2024-08-28,224.8048095703125,228.149730282918,224.00082364270057,226.2241624042973,38052200,226.3333282470703,225.15220642089844,224.7154693603516,224.20925903320312,224.88277980259485,219.14181162516277,1.0548760093368097,-0.006753396367190079,2,0.014570202774651042
2024-08-29,228.08026123046875,231.1869775896776,227.1770435151196,228.38796742499144,51906300,224.8048095703125,225.48963928222656,222.859375,224.8246307373047,225.34786987304688,219.33599599202475,1.6011935716218428,0.014570202774651042,3,-0.0034379735751900453
2024-08-30,227.29612731933597,228.68570457235603,225.78743262658827,228.4772755570311,52990800,228.08026123046875,226.3333282470703,225.15220642089844,224.7154693603516,225.71653529575892,219.49974721272787,1.7237218662948428,-0.0034379735751900453,4,-0.027205212861720285
2024-09-03,221.11248779296875,227.2961293418145,219.52438650802387,226.84948058831637,50190600,227.29612731933597,224.8048095703125,225.48963928222656,222.859375,225.46697998046875,219.46894276936848,2.2518601902507953,-0.027205212861720285,1,-0.008618762157690196
2024-09-04,219.20677185058597,220.12984491677884,215.8618360334932,220.01074262314265,43840200,221.11248779296875,228.08026123046875,226.3333282470703,225.15220642089844,224.61763218470983,219.33991495768228,3.2778709448649836,-0.008618762157690196,2,0.00692777741232975
2024-09-05,220.7253875732422,223.80231295165623,219.8717857931132,219.9809679444758,36615400,219.20677185058597,227.29612731933597,224.8048095703125,225.48963928222656,223.93702479771204,219.4753219604492,3.549958084679031,0.00692777741232975,3,-0.0070149173973669265
2024-09-06,219.1770172119141,223.5641288078718,218.1348266072838,222.28371844795944,48423000,220.7253875732422,221.11248779296875,228.08026123046875,226.3333282470703,222.9146946498326,219.59381612141928,3.768565241894078,-0.0070149173973669265,4,0.00040740783285397875
2024-09-09,219.2663116455078,219.62363365317324,215.0975649862482,219.17698492990527,67180000,219.1770172119141,219.20677185058597,227.29612731933597,224.8048095703125,222.12348066057478,219.6997548421224,3.885196927452479,0.00040740783285397875,0,-0.0036214050305509726
2024-09-10,218.4722595214844,219.83206111139577,215.1174037589381,217.29111136152255,51591000,219.2663116455078,220.7253875732422,221.11248779296875,228.08026123046875,220.75090898786274,219.7699717203776,3.0339479522581865,-0.0036214050305509726,1,0.01158516134953147
2024-09-11,221.0032958984375,221.43008920211523,216.26878297144037,219.8122275598596,44587100,218.4722595214844,219.1770172119141,219.20677185058597,227.29612731933597,219.85193307059154,219.9060506184896,1.0642488203118137,0.01158516134953147,2,0.0004940736023295589
2024-09-12,221.11248779296875,221.8866830044339,218.1844402475294,220.84449248276732,37455600,221.0032958984375,219.2663116455078,220.7253875732422,221.11248779296875,219.85193307059154,219.9373748779297,1.0642488203118137,0.0004940736023295589,3,-0.0012121460554219698
2024-09-13,220.84446716308597,222.3730019797634,220.25886075018877,221.91643313573508,36766600,221.11248779296875,218.4722595214844,219.1770172119141,219.20677185058597,220.08588954380585,220.08269958496095,1.0786947988706228,-0.0012121460554219698,4,-0.027775146489081637
2024-09-16,214.71047973632807,215.60377723416104,212.32832783334672,214.92882889414332,59357400,220.84446716308597,221.0032958984375,219.2663116455078,220.7253875732422,219.22661699567522,219.97398783365887,2.2471879649739255,-0.027775146489081637,0,0.0021727256097643366
2024-09-17,215.17698669433597,215.2861688549661,212.9040318988166,214.14473138540643,45519300,214.71047973632807,221.11248779296875,218.4722595214844,219.1770172119141,218.65518406459267,220.23079427083334,2.7206132511941137,0.0021727256097643366,1,0.01798971042003794
2024-09-18,219.04795837402344,221.0529328037412,215.92138686335736,215.9313221513165,59894900,215.17698669433597,220.84446716308597,221.0032958984375,219.2663116455078,218.62399074009485,220.68405049641927,2.7136814584919833,0.01798971042003794,2,0.037065584565443066
2024-09-19,227.16709899902344,228.11004268622213,222.95865620671253,223.31597824995185,66781300,219.04795837402344,214.71047973632807,221.11248779296875,218.4722595214844,219.8661106654576,221.32235209147134,4.210028609308382,0.037065584565443066,3,-0.0029274653180026977
2024-09-20,226.5020751953125,231.3556905514529,225.92638886705737,228.2589097535001,318679900,227.16709899902344,215.17698669433597,220.84446716308597,221.0032958984375,220.65165056501115,221.82315216064453,4.912049297357485,-0.0029274653180026977,4,-0.007581089784182704
2024-09-23,224.78494262695312,227.742765583781,224.12984974700805,225.64846451262724,54146000,226.5020751953125,219.04795837402344,214.71047973632807,221.11248779296875,221.17628696986608,222.16988576253254,5.159366863863048,-0.007581089784182704,0,0.003973999671180728
2024-09-24,225.67823791503903,227.64351653597865,224.0504410184132,226.94871280288092,43556100,224.78494262695312,227.16709899902344,215.17698669433597,220.84446716308597,221.8668256487165,222.49544474283854,5.424234982545475,0.003973999671180728,1,-0.004398024644813314
2024-09-25,224.68569946289065,225.59885242729763,222.3531936181764,223.2564112941643,42308700,225.67823791503903,226.5020751953125,219.04795837402344,214.71047973632807,223.29185703822546,222.66417999267577,4.454430611015245,-0.004398024644813314,2,0.005080203045133569
2024-09-26,225.8271484375,226.799852535932,223.73284722402752,225.608784129346,36636700,224.68569946289065,224.78494262695312,227.16709899902344,215.17698669433597,224.8133087158203,222.85607503255207,2.690247440304905,0.005080203045133569,3,0.0011866370158313266
2024-09-27,226.0951232910156,227.81226214161185,225.6087788258606,226.7601514881057,34026000,225.8271484375,225.67823791503903,226.5020751953125,219.04795837402344,225.8200465611049,222.95764719645183,0.8882308406818239,0.0011866370158313266,4,0.022872007650480697
2024-09-30,231.2663726806641,231.2663726806641,227.94129216556476,228.32838978012128,54541900,226.0951232910156,224.68569946289065,224.78494262695312,227.16709899902344,226.40565708705358,223.18759053548177,2.242805693449136,0.022872007650480697,0,-0.02914172897255174
2024-10-01,224.52687072753903,227.94126237482303,222.07524777401,227.81223995033787,63285000,231.2663726806641,225.8271484375,225.67823791503903,226.5020751953125,226.1234850202288,223.19817759195965,2.3503282918715724,-0.02914172897255174,1,0.0025198114551996387
2024-10-02,225.09263610839844,225.6782425626932,221.360617941662,224.20925878310885,32880600,224.52687072753903,226.0951232910156,224.68569946289065,224.78494262695312,226.16744123186385,223.2071111043294,2.323850510756813,0.0025198114551996387,2,-0.004894564148020919
2024-10-03,223.99090576171875,225.1224230122484,221.65839996957536,223.4648504260935,34044200,225.09263610839844,231.2663726806641,225.8271484375,225.67823791503903,225.92639378138952,223.182958984375,2.4662031151824704,-0.004894564148020919,3,0.0050073340532503785
2024-10-04,225.1125030517578,226.30357145139808,222.46237094034984,226.20430944090452,37245100,223.99090576171875,224.52687072753903,226.0951232910156,224.68569946289065,225.98736572265625,223.25806325276693,2.435501985097615,0.0050073340532503785,4,-0.022530780745006584
2024-10-07,220.04054260253903,224.0107810468405,219.68322053674163,222.8296326864196,39505400,225.1125030517578,225.09263610839844,231.2663726806641,225.8271484375,225.16070774623321,223.08767445882162,3.320278886130349,-0.022530780745006584,0,0.018404048603603007
2024-10-08,224.09017944335935,224.29860847272343,221.58892507419037,222.6311156567822,31855700,220.04054260253903,223.99090576171875,224.52687072753903,226.0951232910156,224.87428719656808,223.04102579752603,3.3127066629401294,0.018404048603603007,1,0.016698313642663498
2024-10-09,227.8321075439453,228.04055170887608,223.1571606453159,223.554178398676,33591100,224.09017944335935,225.1125030517578,225.09263610839844,231.2663726806641,224.38367789132252,223.0909851074219,2.311176271466566,0.016698313642663498,2,-0.002178256878798468
2024-10-10,227.33583068847656,227.7924147414137,225.47974919262128,226.08521111865923,28183500,227.8321075439453,220.04054260253903,223.99090576171875,224.52687072753903,224.7849578857422,223.17535247802735,2.5695893659847457,-0.002178256878798468,3,-0.006505408096193377
2024-10-11,225.8569183349609,227.70307961960657,225.6484741750507,227.5938974682738,31759200,227.33583068847656,224.09017944335935,225.1125030517578,225.09263610839844,224.8941410609654,223.1012410481771,2.600888425596815,-0.006505408096193377,4,0.016480000789095506
2024-10-14,229.57904052734372,230.00583388937216,226.89913261283547,226.99837948655343,39882100,225.8569183349609,227.8321075439453,220.04054260253903,223.99090576171875,225.69244602748327,223.17733815511068,3.0892053153337686,0.016480000789095506,0,0.011024484616593444
2024-10-15,232.1100311279297,235.72294688412148,230.64103225198247,231.87181141001133,64751400,229.57904052734372,227.33583068847656,224.09017944335935,225.1125030517578,226.6920928955078,223.5439229329427,3.8968607990457844,0.011024484616593444,1,-0.008851818843336412
2024-10-16,230.0554351806641,230.3929017691756,228.12986736523644,229.8767817438953,34082200,232.1100311279297,225.8569183349609,227.8321075439453,220.04054260253903,228.12279183523995,223.90554504394532,2.7035100134520027,-0.008851818843336412,2,0.0015963480057221702
2024-10-17,230.4226837158203,232.11004699556463,228.8048220166126,231.69315867439417,32993800,230.0554351806641,229.57904052734372,227.33583068847656,224.09017944335935,229.02743530273438,224.22878824869792,2.1273097131220293,0.0015963480057221702,3,0.012276553423913095
2024-10-18,233.25148010253903,234.4226930307779,232.26884075534687,234.4226930307779,46431500,230.4226837158203,232.1100311279297,225.8569183349609,227.8321075439453,229.8016313825335,224.69793701171875,2.561600044348951,0.012276553423913095,4,0.006297833056365665
2024-10-21,234.720458984375,235.0877162866724,232.7055644739604,232.7055644739604,36254500,233.25148010253903,230.0554351806641,229.57904052734372,227.33583068847656,230.85657828194755,225.21307525634765,2.877935310629091,0.006297833056365665,0,-0.002621786637404089
2024-10-22,234.1050720214844,234.46239402859047,230.8693336731526,232.14972869721717,38846600,234.720458984375,230.4226837158203,232.1100311279297,225.8569183349609,232.0348859514509,225.73416900634766,2.062858823543581,-0.002621786637404089,1,-0.021623015047929628
2024-10-23,229.0430145263672,233.3904297884605,226.06533615951,232.33831918874512,52287000,234.1050720214844,233.25148010253903,230.0554351806641,229.57904052734372,231.95831080845423,226.00215962727864,2.176058775427078,-0.021623015047929628,2,-0.0008232202882729744
2024-10-24,228.85446166992188,229.10260155629064,226.710529416834,228.26884002769643,31109500,229.0430145263672,234.720458984375,230.4226837158203,232.1100311279297,231.49322945731026,226.26022542317708,2.466716661942624,-0.0008232202882729744,3,0.003643102381711616
2024-10-25,229.68820190429688,231.484732210271,227.8618960243761,228.03062932515897,38802300,228.85446166992188,234.1050720214844,233.25148010253903,230.0554351806641,231.4407675606864,226.55501658121744,2.5059845993418617,0.003643102381711616,4,0.008599436943685035
2024-10-28,231.66339111328125,232.98349712196287,230.81972458948547,231.58399967772365,36087100,229.68820190429688,229.0430145263672,234.720458984375,230.4226837158203,231.61801147460938,227.1201136271159,2.465526028006501,0.008599436943685035,0,0.0011568082078781128
2024-10-29,231.93138122558597,232.5864741436605,230.59143496071303,231.365630174708,35417200,231.66339111328125,228.85446166992188,234.1050720214844,233.25148010253903,231.42942592075892,227.67859344482423,2.3683306650189353,0.0011568082078781128,1,-0.015277908901104698
2024-10-30,228.3879547119141,231.73287549326048,227.8420439394486,230.8792736886572,47070900,231.93138122558597,229.68820190429688,229.0430145263672,234.720458984375,230.52478245326452,227.98992665608725,2.095428782638901,-0.015277908901104698,2,-0.01820942563196193
2024-10-31,224.2291412353516,228.11997302154123,223.6931505739168,227.63361336879595,64370100,228.3879547119141,231.66339111328125,228.85446166992188,234.1050720214844,229.11393519810267,227.89199473063152,2.5569554098988068,-0.01820942563196193,3,-0.013279749870041657
2024-11-01,221.25143432617188,223.67328184782377,218.6310779402587,219.3258665378009,65276700,224.2291412353516,231.93138122558597,229.68820190429688,229.0430145263672,228.00085231236048,227.71697336832682,3.9236322766660168,-0.013279749870041657,4,-0.0040376045849588316
2024-11-04,220.3581085205078,221.13230364643437,218.07523400035527,219.34570882983752,44944500,221.25143432617188,228.3879547119141,231.66339111328125,228.85446166992188,226.7870875767299,227.5694122314453,4.825965384482418,-0.0040376045849588316,0,0.006486218188568982
2024-11-05,221.7873992919922,222.28367900181772,219.49458945583885,220.14968230766976,28111300,220.3581085205078,224.2291412353516,231.93138122558597,229.68820190429688,225.6584014892578,227.4397176106771,4.956520015223929,0.006486218188568982,1,-0.003266791005113956
2024-11-06,221.0628662109375,224.3879467919736,219.54425129715867,220.95368405362797,54561100,221.7873992919922,221.25143432617188,228.3879547119141,231.66339111328125,224.14404078892298,227.31895650227864,4.404705244820956,-0.003266791005113956,2,0.021372036288196172
2024-11-07,225.7874298095703,226.18446269494837,222.899093187882,222.95864433437472,42137700,221.0628662109375,220.3581085205078,224.2291412353516,231.93138122558597,223.2663334437779,227.31763254801433,2.974167527033562,0.021372036288196172,3,-0.0011881973656511224
2024-11-08,225.51914978027344,227.20835428792037,224.9726384261151,225.72780810336752,38328800,225.7874298095703,221.7873992919922,221.25143432617188,228.3879547119141,222.85650416782923,227.29843343098958,2.263569881733626,-0.0011881973656511224,4,-0.012028655940682698
2024-11-11,222.80645751953125,224.26712634517855,220.0937933412938,223.5715733715174,42005600,225.51914978027344,221.0628662109375,220.3581085205078,224.2291412353516,222.65326363699776,227.0164362589518,2.1821899096706447,-0.012028655940682698,0,0.0
2024-11-12,222.80645751953125,224.15782408060912,221.94198562097503,223.1244332571579,40398300,222.80645751953125,225.7874298095703,221.7873992919922,221.25143432617188,222.87540980747767,226.95908915201824,2.093028798685185,0.0,1,0.003969224708879171
2024-11-13,223.6908264160156,225.2111120360391,221.34580821096,222.5878726169869,48566200,222.80645751953125,225.51914978027344,221.0628662109375,220.3581085205078,223.3515123639788,226.91236216227213,1.7807302003534329,0.003969224708879171,2,0.013770376980535293
2024-11-14,226.7711334228516,227.41700079571672,223.5715745650122,223.5914518391994,44923900,223.6908264160156,222.80645751953125,225.7874298095703,221.7873992919922,224.06347438267298,227.00503641764323,2.029988889566895,0.013770376980535293,3,-0.014109178690716817
2024-11-15,223.5715789794922,225.4793879673537,222.84621765747357,224.96268496170848,47923700,226.7711334228516,222.80645751953125,225.51914978027344,221.0628662109375,224.42186192103796,226.95367228190105,1.5845267245241816,-0.014109178690716817,4,0.013422343331317421
2024-11-18,226.5724334716797,228.28151537171908,223.74052045447317,223.82001439888424,44633700,223.5715789794922,223.6908264160156,222.80645751953125,225.7874298095703,224.53400530133928,227.17140197753906,1.71932637082129,0.013422343331317421,0,0.0011401709151894757
2024-11-19,226.8307647705078,228.6988344551977,225.22105418122663,225.5390147792205,36211800,226.5724334716797,226.7711334228516,222.80645751953125,225.51914978027344,224.72137887137276,227.26275482177735,1.905926347301155,0.0011401709151894757,1,0.003154064412282276
2024-11-20,227.54620361328125,228.4702922716314,224.45594670445817,226.61216873586116,35169600,226.8307647705078,223.5715789794922,223.6908264160156,222.80645751953125,225.3984854561942,227.25322469075522,1.9535748938941278,0.003154064412282276,2,-0.0020960313209054116
2024-11-21,227.0692596435547,228.6988476019872,224.27710117470863,227.42697481306035,42108300,227.54620361328125,226.5724334716797,226.7711334228516,222.80645751953125,226.00745718819755,227.2443389892578,1.6520533064632004,-0.0020960313209054116,3,0.005907449333256487
2024-11-22,228.41065979003903,229.25526960886552,226.6121530455377,226.6121530455377,38168300,227.0692596435547,226.8307647705078,223.5715789794922,223.6908264160156,226.68171909877233,227.32946370442707,1.5056494449732856,0.005907449333256487,4,0.013050866513805381
2024-11-25,231.39161682128903,231.7692092379923,228.2814979784893,229.99057974831032,90152800,228.41065979003903,227.54620361328125,226.5724334716797,226.7711334228516,227.34178815569197,227.38988291422527,2.335493703081096,0.013050866513805381,0,0.009404476157146568
2024-11-26,233.56773376464844,234.0745057649552,231.8487208075284,231.8487208075284,45986200,231.39161682128903,227.0692596435547,226.8307647705078,223.5715789794922,228.76981026785714,227.4384730021159,2.6770747856053734,0.009404476157146568,1,-0.00055314218667879
2024-11-27,233.43853759765625,234.1937224347506,232.32565277909848,232.9814664022851,33498400,233.56773376464844,228.41065979003903,227.54620361328125,226.5724334716797,229.7506822858538,227.5512430826823,2.9786506210071386,-0.00055314218667879,2,0.010215818045905767
2024-11-29,235.82330322265625,236.3002516789311,232.48463370489637,233.3192972938568,28481400,233.43853759765625,231.39161682128903,227.0692596435547,226.8307647705078,231.03533063616072,227.73126373291015,3.416448306604424,0.010215818045905767,4,0.009522601093399752
2024-12-02,238.06895446777344,239.26133321145704,235.654388648958,235.76369091824088,48137100,235.82330322265625,233.56773376464844,228.41065979003903,227.54620361328125,232.53858075823103,227.8918462117513,3.90538612061416,0.009522601093399752,0,0.012771817001148822
2024-12-03,241.10952758789065,241.21882985808796,237.3833345065081,238.28756099978403,38861000,238.06895446777344,233.43853759765625,231.39161682128903,227.0692596435547,234.5443333217076,228.1048151652018,4.22095165388632,0.012771817001148822,1,0.001483607037725987
2024-12-04,241.4672393798828,242.5602620666903,239.71841824290905,241.32812877991805,44383900,241.10952758789065,235.82330322265625,233.56773376464844,228.41065979003903,236.40955897739954,228.3502207438151,3.9338235695343178,0.001483607037725987,2,0.00012347709736793
2024-12-05,241.4970550537109,242.98753231090083,240.59284370740727,242.4410361127995,40033900,241.4672393798828,238.06895446777344,233.43853759765625,231.39161682128903,237.85319301060267,228.7653554280599,3.627766198571769,0.00012347709736793,3,-0.0008229105266140957
2024-12-06,241.2983245849609,243.0769692456264,240.5431549096241,241.36788746709487,36870600,241.4970550537109,241.10952758789065,235.82330322265625,233.56773376464844,238.95756312779017,229.1801508585612,3.2642115606158284,-0.0008229105266140957,4,0.016101137954386058
2024-12-09,245.1835021972656,245.6703968797777,240.2152448072501,240.29473874492052,44649200,241.2983245849609,241.4672393798828,238.06895446777344,233.43853759765625,240.63541521344865,229.69666086832683,2.958795470566242,0.016101137954386058,0,0.004133717309796614
2024-12-10,246.197021484375,246.63423054379348,243.78244060146585,245.32260336553807,36914800,245.1835021972656,241.4970550537109,241.10952758789065,235.82330322265625,242.11737496512276,230.18111521402994,2.7364342181528185,0.004133717309796614,1,-0.00516604887036487
2024-12-11,244.92515563964844,249.2077910379196,244.69660488558225,246.38582450957213,45205800,246.197021484375,241.2983245849609,241.4672393798828,238.06895446777344,243.09683227539062,230.61424102783204,2.225121750080501,-0.00516604887036487,2,0.005963710987473725
2024-12-12,246.3858184814453,247.1608653940442,244.1202792424049,245.32260415969785,32777500,244.92515563964844,245.1835021972656,241.4970550537109,241.10952758789065,243.85058811732702,231.21416982014975,2.3308802369482042,0.005963710987473725,3,0.0006856941423871721
2024-12-13,246.5547637939453,247.7073880681415,244.676762972136,246.24673423955156,33155300,246.3858184814453,246.197021484375,241.2983245849609,241.4672393798828,244.57737731933594,231.95835723876954,2.255832187560888,0.0006856941423871721,4,0.0117276582503274
2024-12-16,249.4462738037109,249.7841268474892,246.07779571830557,246.4156487620838,51694800,246.5547637939453,244.92515563964844,245.1835021972656,241.4970550537109,245.71297999790735,232.89818522135414,2.4400576072782307,0.0117276582503274,0,0.009719525871236812
2024-12-17,251.8707733154297,252.2185573987637,248.19426586582333,248.49236434269267,51356400,249.4462738037109,246.3858184814453,246.197021484375,241.2983245849609,247.22332981654577,233.94860738118487,2.522711070279232,0.009719525871236812,1,-0.02142179102508235
2024-12-18,246.47525024414065,252.66569465886903,246.1672207142497,250.559158393614,56774100,251.8707733154297,246.5547637939453,244.92515563964844,245.1835021972656,247.4078652518136,234.77153574625652,2.3925154094537375,-0.02142179102508235,2,0.007014733236583304
2024-12-19,248.20420837402344,250.4001849209636,245.52135228225407,245.92875304737493,60882300,246.47525024414065,249.4462738037109,246.3858184814453,246.197021484375,247.6946062360491,235.6762471516927,2.3429773402555205,0.007014733236583304,3,0.018815759762615958
2024-12-20,252.87435913085935,253.3811159043778,244.13022347118752,246.46529524609687,147495300,248.20420837402344,251.8707733154297,246.5547637939453,244.92515563964844,248.83020673479353,236.57914479573566,2.6792449464309813,0.018815759762615958,4,0.003065040651387685
2024-12-23,253.64942932128903,254.02700659111463,251.840976266006,253.15260355822255,40858800,252.87435913085935,246.47525024414065,249.4462738037109,246.3858184814453,249.86786542619978,237.51682078043618,2.965997425936756,0.003065040651387685,0,0.011477895700874097
2024-12-24,256.560791015625,256.57070690893096,253.66924678278625,253.86798918256417,23234700,253.64942932128903,248.20420837402344,251.8707733154297,246.5547637939453,251.29729788643974,238.64196523030597,3.4712753370868095,0.011477895700874097,1,0.003175930868906107
2024-12-26,257.3756103515625,258.44877099351584,255.99445048269988,256.5508929178466,27237100,256.560791015625,252.87435913085935,246.47525024414065,249.4462738037109,252.43006025041853,239.794270324707,4.01738001379215,0.003175930868906107,3,-0.01324225569751003
2024-12-27,253.9673767089844,257.05764856283577,251.45343969164696,256.19314630806485,42355300,257.3756103515625,253.64942932128903,248.20420837402344,251.8707733154297,252.72957502092635,240.80348866780596,4.04678121855633,-0.01324225569751003,4,-0.013263453521946578
2024-12-30,250.5988922119141,251.8906421270002,249.15810064436016,250.6287005424076,35557500,253.9673767089844,256.560791015625,252.87435913085935,246.47525024414065,253.31866673060827,241.59774729410807,3.195117548890147,-0.013263453521946578,0,-0.007057860475719657
2024-12-31,248.8302001953125,251.6720440162376,247.84647977817443,250.837380417288,39480700,250.5988922119141,257.3756103515625,253.64942932128903,248.20420837402344,253.40809413364954,242.43970133463543,3.032746929811358,-0.007057860475719657,1,-0.02623586096466035
2025-01-02,242.3019256591797,247.5185960625861,240.28481431614932,247.34966196417784,55740700,248.8302001953125,253.9673767089844,256.560791015625,252.87435913085935,251.89774649483817,242.96401774088542,5.20063103288669,-0.02623586096466035,3,-0.0020094462677946456
2025-01-03,241.8150329589844,242.62981931594803,240.3543640210219,241.8150329589844,40244100,242.3019256591797,250.5988922119141,257.3756103515625,253.64942932128903,250.20711844308036,243.46349334716797,6.33593634092097,-0.0020094462677946456,4,0.006738942640489798
2025-01-06,243.44461059570312,245.75982034447205,241.6560349140449,242.75898865424097,45045600,241.8150329589844,248.8302001953125,253.9673767089844,256.560791015625,248.3333783830915,243.99344024658203,6.077973626644312,0.006738942640489798,0,-0.011387777630552542
2025-01-07,240.6723175048828,243.9911096142756,239.8177766758021,241.4374181829594,40856000,243.44461059570312,242.3019256591797,250.5988922119141,257.3756103515625,245.9471936907087,244.4468755086263,5.143334416860193,-0.011387777630552542,1,0.002023115761847105
2025-01-08,241.1592254638672,242.1628232218062,238.5260549504929,240.38417847646195,37628900,240.6723175048828,241.8150329589844,248.8302001953125,253.9673767089844,244.1174577985491,244.8718276977539,3.955778549395791,0.002023115761847105,2,-0.02410385171770446
2025-01-10,235.3463592529297,238.63534322792128,231.52079498772144,238.4862864086752,61710900,241.1592254638672,243.44461059570312,242.3019256591797,250.5988922119141,241.9385245186942,245.00365244547527,3.9911992677005705,-0.02410385171770446,4,-0.01034410835976085
2025-01-13,232.9119110107422,233.18020116738663,228.26162915914,232.04743903723332,49630700,235.3463592529297,240.6723175048828,241.8150329589844,248.8302001953125,239.66448320661272,244.9817916870117,3.9446955973357514,-0.01034410835976085,0,-0.004778134860750183
2025-01-14,231.7990264892578,234.62099318079112,230.99417118008773,233.2596954436476,39435300,232.9119110107422,241.1592254638672,243.44461059570312,242.3019256591797,238.16406903948103,244.92714131673176,4.69954515716355,-0.004778134860750183,1,0.01967588958356803
2025-01-15,236.35987854003903,237.4429702030776,232.94171493841435,233.1503884256181,39832000,231.7990264892578,235.3463592529297,240.6723175048828,241.8150329589844,237.384761265346,244.94502716064454,4.438255469481355,0.01967588958356803,2,-0.04040024064431946
2025-01-16,226.81088256835935,236.4989845496957,226.58234697208556,235.84318609247865,71759100,236.35987854003903,232.9119110107422,241.1592254638672,243.44461059570312,235.00851440429688,244.5697580973307,5.062080640305368,-0.04040024064431946,3,0.007535313857827575
2025-01-17,228.5199737548828,230.8153063545454,227.02949646555183,230.6463874145182,68488300,226.81088256835935,231.7990264892578,235.3463592529297,240.6723175048828,233.272465297154,244.15010630289711,4.876361196864917,0.007535313857827575,4,-0.03191585897303639
2025-01-21,221.2265625,222.99526090225285,217.9872641686431,222.57792910461188,98070400,228.5199737548828,236.35987854003903,232.9119110107422,241.1592254638672,230.42494201660156,243.47541707356768,5.304360746466899,-0.03191585897303639,1,0.005344970004767413
2025-01-22,222.4090118408203,222.6971640978084,218.39465138442915,218.39465138442915,64126500,221.2265625,226.81088256835935,231.7990264892578,235.3463592529297,228.57674952915735,242.83914896647133,5.551899648564913,0.005344970004767413,2,-0.0007593409814914409
2025-01-23,222.24012756347656,225.58872871016845,220.8887607380179,223.3132731450397,60234800,222.4090118408203,228.5199737548828,236.35987854003903,232.9119110107422,227.05220903669084,242.20387573242184,5.627775243065316,-0.0007593409814914409,3,-0.003934711040624261
2025-01-24,221.3656768798828,224.19758968028435,220.00437919561992,223.35297985225768,54697900,222.24012756347656,221.2265625,226.81088256835935,231.7990264892578,225.56173052106584,241.40994822184246,5.542033527541933,-0.003934711040624261,4,0.031780286792531864
2025-01-27,228.40074157714844,230.67619691244207,222.55806572164707,222.59782027357136,94863400,221.3656768798828,222.4090118408203,228.5199737548828,236.35987854003903,224.4247109549386,240.81673889160157,3.3340441509525434,0.031780286792531864,0,0.0365439462721342
2025-01-28,236.74740600585935,238.66516132615985,229.3447052045828,229.3844597561093,75707600,228.40074157714844,222.24012756347656,221.2265625,226.81088256835935,225.8442143031529,240.5441472371419,5.7553623179193405,0.0365439462721342,1,0.004616744646861681
2025-01-29,237.8404083251953,238.33723404319065,232.52436707787837,232.633669342314,45486100,236.74740600585935,221.3656768798828,222.4090118408203,228.5199737548828,227.1757049560547,240.2593002319336,7.338075171355288,0.004616744646861681,2,-0.007394700325762837
2025-01-30,236.08164978027344,239.26133146080372,235.7040725307193,237.1547951903121,55658300,237.8404083251953,228.40074157714844,222.24012756347656,221.2265625,229.29786028180803,239.91019643147786,7.47755349903963,-0.007394700325762837,3,-0.0066921551124439205
2025-01-31,234.5017547607422,245.62071750771997,231.95800933839703,245.62071750771997,100959800,236.08164978027344,236.74740600585935,221.3656768798828,222.4090118408203,231.025394984654,239.41204579671225,7.002576785777045,-0.0066921551124439205,4,-0.03385603892478206
2025-02-03,226.5624542236328,230.3582099158304,224.26712187534005,228.5298949466701,73063300,234.5017547607422,237.8404083251953,228.40074157714844,222.24012756347656,231.6428702218192,238.568435160319,6.248792906626296,-0.03385603892478206,0,0.021007951442878037
2025-02-04,231.3220672607422,231.64997406812492,225.21110156992967,225.80729852188347,45067300,226.5624542236328,236.08164978027344,236.74740600585935,221.3656768798828,233.0652117047991,238.0633290608724,4.3704557586952495,0.021007951442878037,1,-0.0014175533741168644
2025-02-05,230.99415588378903,231.19288314320295,226.82082278842495,227.07916670947125,39620300,231.3220672607422,234.5017547607422,237.8404083251953,228.40074157714844,233.43569946289062,237.48966064453126,4.003674637588148,-0.0014175533741168644,2,0.0032262916511902606
2025-02-06,231.73941040039065,232.31573010563136,228.96711414866223,229.8216550685821,29925300,230.99415588378903,226.5624542236328,236.08164978027344,236.74740600585935,232.72027151925224,236.78516235351563,3.7528566892667223,0.0032262916511902606,3,-0.02396875173253632
2025-02-07,226.18490600585935,232.5144614947352,225.81724462416,231.12335539671392,39707200,231.73941040039065,231.3220672607422,234.5017547607422,237.8404083251953,231.0551997593471,235.8696782430013,3.6876269176730285,-0.02396875173253632,4,0.0011873236470210102
2025-02-10,226.45346069335935,229.378010419489,226.0058289386349,228.3633824897372,33115600,226.18490600585935,230.99415588378903,226.5624542236328,236.08164978027344,229.67974417550224,234.86610056559246,3.2725935148425354,0.0011873236470210102,0,0.02183182989334731
2025-02-11,231.39735412597656,233.99363668198936,226.93096309298545,227.00058728303875,53718400,226.45346069335935,231.73941040039065,231.3220672607422,234.5017547607422,229.23625837053572,234.00015869140626,2.663983549864464,0.02183182989334731,1,0.018270070070558475
2025-02-12,235.625,235.7145384932868,229.4675323792709,229.9848034951756,45243300,231.39735412597656,226.18490600585935,230.99415588378903,226.5624542236328,230.5309077671596,233.3887461344401,3.2790959550485956,0.018270070070558475,2,0.019673266018733537
2025-02-13,240.2605133056641,241.06625350434595,234.33184765944375,235.6648009555,53614100,235.625,226.45346069335935,231.73941040039065,231.3220672607422,231.80782863071985,233.04413350423178,4.952111065706222,0.019673266018733537,3,0.012710697826131767
2025-02-14,243.31439208984372,244.25939586817944,239.7233655892969,239.981993568851,40896200,240.2605133056641,231.39735412597656,226.18490600585935,230.99415588378903,233.56786237444197,232.8602732340495,6.547204643828345,0.012710697826131767,4,-0.0005314861821118511
2025-02-18,243.18507385253903,243.8913336127375,240.56889220053384,242.86674847770811,48822500,243.31439208984372,235.625,226.45346069335935,231.73941040039065,235.20295715332028,232.88971150716145,7.389498261391288,-0.0005314861821118511,1,0.0016360283125638198
2025-02-19,243.5829315185547,244.71693894615737,241.8819279664442,243.37404380163656,32204200,243.18507385253903,240.2605133056641,231.39735412597656,226.18490600585935,237.6883893694196,232.9486414591471,6.748891490319273,0.0016360283125638198,2,0.00392051818870498
2025-02-20,244.53790283203125,245.4829065325138,243.00598867544505,243.6525813389452,32316900,243.5829315185547,243.31439208984372,235.625,226.45346069335935,240.27188110351562,232.98508453369138,4.954062703579176,0.00392051818870498,3,-0.0011389591287577217
2025-02-21,244.25938415527344,247.38287960480025,243.93111682470231,244.6572756706751,53197400,244.53790283203125,243.18507385253903,240.2605133056641,231.39735412597656,242.10931396484375,233.10465342203773,3.1824062829735364,-0.0011389591287577217,4,0.006312429397624886
2025-02-24,245.8012542724609,247.55199828948733,243.1353323966777,243.64264638435856,51326400,244.25938415527344,243.5829315185547,243.31439208984372,235.625,243.5630645751953,233.2593877156575,1.7105855858991494,0.006312429397624886,0,-0.0002428481619800582
2025-02-25,245.74156188964844,248.68601093773057,243.62276739789988,246.69652285022872,48013300,245.8012542724609,244.53790283203125,243.18507385253903,240.2605133056641,244.34607151576446,233.60589447021482,1.0881118859793095,-0.0002428481619800582,1,-0.02704018567246458
2025-02-26,239.0966644287109,243.6923767743236,237.87313357927937,243.04579925662603,44433600,245.74156188964844,244.25938415527344,243.5829315185547,243.31439208984372,243.74353899274553,233.81205291748043,2.27502817188152,-0.02704018567246458,2,-0.01273095992779305
2025-02-27,236.052734375,241.1856166259971,235.81399037079515,238.151644645548,41153600,239.0966644287109,245.8012542724609,244.53790283203125,243.18507385253903,242.7246333530971,233.9538431803385,3.7108833300416366,-0.01273095992779305,3,0.019131927494021816
2025-02-28,240.56887817382807,240.8175641664438,228.9900589647863,235.70458076540925,56833400,236.052734375,245.74156188964844,244.25938415527344,243.5829315185547,242.29405430385046,234.09414316813152,3.7691012846488907,0.019131927494021816,4,-0.0157541055956002
2025-03-03,236.7789306640625,242.74739510665415,234.869023863864,240.51916291712757,47184000,240.56887817382807,239.0966644287109,245.8012542724609,244.53790283203125,241.18562970842635,234.4264114379883,4.123474342553696,-0.0157541055956002,0,-0.008822465720090822
2025-03-04,234.68995666503903,238.8082116075959,233.4465266012979,236.46061504010896,53798100,236.7789306640625,236.052734375,245.74156188964844,244.25938415527344,239.81856863839286,234.6320775349935,4.50337010887142,-0.008822465720090822,1,-0.0008052980366682894
2025-03-05,234.5009613037109,235.30670153327668,228.0251680036218,234.18263593082168,47227600,234.68995666503903,240.56887817382807,239.0966644287109,245.8012542724609,238.20424107142858,235.07455749511718,3.998418436090525,-0.0008052980366682894,2,-0.0017391694763002619
2025-03-06,234.09312438964844,236.60982567864423,231.93453157387603,233.207802772317,45170400,234.5009613037109,236.7789306640625,236.052734375,245.74156188964844,236.54017857142858,235.46402791341146,2.4708449016313923,-0.0017391694763002619,3,0.015892550982701925
2025-03-07,237.8134613037109,240.10136041796665,233.5261018066448,233.8742682867737,46273600,234.09312438964844,234.68995666503903,240.56887817382807,239.0966644287109,236.35686383928572,235.98313903808594,2.2905911212394665,0.015892550982701925,4,-0.04847958752014625
2025-03-10,226.28436279296875,234.91874867921032,223.0415027897028,234.3019970725287,72071200,237.8134613037109,234.5009613037109,236.7789306640625,236.052734375,234.96138218470983,236.1470952351888,4.457429105201976,-0.04847958752014625,0,-0.029189322667941164
2025-03-11,219.6792755126953,224.65299583409444,216.3070937419303,222.6336665978936,76137400,226.28436279296875,234.09312438964844,234.68995666503903,240.56887817382807,231.97715323311942,235.85637969970702,6.569772464168616,-0.029189322667941164,1,-0.017478622656361797
2025-03-12,215.83958435058597,220.5845182605824,213.78047182496684,218.98297955017136,62547500,219.6792755126953,237.8134613037109,234.5009613037109,236.7789306640625,228.9858180454799,235.15945231119792,8.501949981173073,-0.017478622656361797,2,-0.03364377177009725
2025-03-13,208.5779266357422,215.70029772842105,207.3245545879158,214.81497612462363,61368300,215.83958435058597,226.28436279296875,234.09312438964844,234.68995666503903,225.25552804129464,234.1840362548828,10.95626389093959,-0.03364377177009725,3,0.018170561422650167
2025-03-14,212.36790466308597,212.8254784087618,208.4784519318959,210.13967261110687,60107600,208.5779266357422,219.6792755126953,237.8134613037109,234.5009613037109,222.09366280691964,233.3935780843099,11.036827506834804,0.018170561422650167,4,0.002388893084173116
2025-03-17,212.87522888183597,214.0888178495616,208.86641153353528,212.18885305172668,48073400,212.36790466308597,215.83958435058597,226.28436279296875,234.09312438964844,219.06253487723214,232.67269388834634,10.062700586543844,0.002388893084173116,0,-0.006121500615978048
2025-03-18,211.57211303710935,214.019174884069,210.3784232206469,213.0343879953175,42432400,212.87522888183597,208.5779266357422,219.6792755126953,237.8134613037109,215.3137708391462,232.1730158487956,5.967749622842507,-0.006121500615978048,1,0.011989248203646774
2025-03-19,214.10870361328125,217.6101915579757,212.6265295918345,213.0940604852241,54385400,211.57211303710935,212.36790466308597,215.83958435058597,226.28436279296875,213.5743909563337,231.59923706054687,3.50248521124807,0.011989248203646774,2,-0.005296387612504838
2025-03-20,212.9747009277344,216.3468825511506,211.10457731145533,212.8652784783013,48862900,214.10870361328125,212.87522888183597,208.5779266357422,219.6792755126953,212.61659458705358,230.99858856201172,2.2462120491664694,-0.005296387612504838,3,0.01947689810001929
2025-03-21,217.12278747558597,217.68978368973623,210.16952111998103,210.44804823896536,94127800,212.9747009277344,211.57211303710935,212.36790466308597,215.83958435058597,212.79990931919642,230.51136779785156,2.5805584897655027,0.01947689810001929,4,0.01127036010546889
2025-03-24,219.56983947753903,220.3158974796034,217.4311459430569,219.8384246082871,44299500,217.12278747558597,214.10870361328125,212.87522888183597,208.5779266357422,214.37018258231026,230.29086558024088,2.906951508542442,0.01127036010546889,0,0.013681911591246987
2025-03-25,222.573974609375,222.92214108802088,218.92326587520165,219.6096416779903,34493600,219.56983947753903,212.9747009277344,211.57211303710935,212.36790466308597,215.82819257463728,230.16154937744142,4.064372383520463,0.013681911591246987,1,-0.009921772080253355
2025-03-26,220.3656463623047,223.83730853242596,219.3112201065871,222.3352353150336,34466100,222.573974609375,217.12278747558597,214.10870361328125,212.87522888183597,216.89825221470423,229.793825785319,4.14262469340907,-0.009921772080253355,2,0.010472664818015787
2025-03-27,222.6734619140625,223.80746952519277,219.4007454858761,220.2263848697343,37094800,220.3656463623047,219.56983947753903,212.9747009277344,211.57211303710935,218.4841591971261,229.3621078491211,3.8804556849431227,0.010472664818015787,3,-0.02658045622569749
2025-03-28,216.75469970703125,222.63364006926244,216.5358548246797,220.50488863250547,39818600,222.6734619140625,222.573974609375,217.12278747558597,214.10870361328125,218.8621586390904,228.57858072916667,3.4927031425446375,-0.02658045622569749,4,0.01941270106318549
2025-03-31,220.9624938964844,224.43414081005065,215.09349507460487,215.8693941954849,65299300,216.75469970703125,220.3656463623047,219.56983947753903,212.9747009277344,220.0032719203404,227.8335174560547,2.374451680479011,0.01941270106318549,0,0.004771977732473731
2025-04-01,222.0169219970703,222.50433685640357,217.749461617725,218.6546823259,36412700,220.9624938964844,222.6734619140625,222.573974609375,217.12278747558597,220.70243399483817,227.12791239420574,2.088218038093215,0.004771977732473731,1,0.0031363356171891787
2025-04-02,222.71324157714844,224.00641185945875,219.8583310514353,220.15675729790527,35905900,222.0169219970703,216.75469970703125,220.3656463623047,219.56983947753903,221.15149143763952,226.43225606282553,2.141375575481816,0.0031363356171891787,2,-0.09245611817424748
2025-04-03,202.12203979492188,206.39944211542388,200.19223396809613,204.4596791341039,103419000,222.71324157714844,220.9624938964844,222.6734619140625,222.573974609375,218.2297864641462,225.01839396158854,7.392056411167907,-0.09245611817424748,3,-0.07288738641142001
2025-04-04,187.389892578125,198.8294493717933,186.35535024633944,192.87092693410324,125910900,202.12203979492188,222.0169219970703,216.75469970703125,220.3656463623047,213.51896449497767,223.12274424235025,13.656800747462864,-0.07288738641142001,4,-0.03673429969943298
2025-04-07,180.5062561035156,193.12954493623215,173.70219548773406,176.26863687444822,160466300,187.389892578125,222.71324157714844,220.9624938964844,222.6734619140625,207.49507795061385,220.9462443033854,17.659147150903223,-0.03673429969943298,0,-0.04981817733023208
2025-04-08,171.51376342773438,189.33957458197375,168.32064359895526,185.7187069284344,120859500,180.5062561035156,202.12203979492188,222.0169219970703,216.75469970703125,201.03208705357142,218.47198435465495,21.55456451643599,-0.04981817733023208,1,0.1532885256174954
2025-04-09,197.8048553466797,199.55559936553783,170.98654976711688,171.04623198001363,184395900,171.51376342773438,187.389892578125,222.71324157714844,220.9624938964844,197.7238529750279,217.09559071858723,19.68154180738934,0.1532885256174954,2,-0.0423938616432078
2025-04-10,189.4191436767578,193.7562279640405,182.03814529024515,188.07624843340895,121880000,197.8048553466797,180.5062561035156,202.12203979492188,222.0169219970703,193.06702750069755,215.5411376953125,16.589109665814593,-0.0423938616432078,3,0.04059450740721626
2025-04-11,197.1085205078125,198.491214081568,185.0820690088969,185.1218672695082,87435900,189.4191436767578,171.51376342773438,187.389892578125,222.71324157714844,189.40921020507812,214.09245910644532,10.7623543126757,0.04059450740721626,4,0.022054074005721125
2025-04-14,201.45556640625,211.8207974391945,200.10271391024364,210.3286813853017,101352900,197.1085205078125,197.8048553466797,180.5062561035156,202.12203979492188,189.31399972098214,212.9150136311849,10.633318926849292,0.022054074005721125,0,-0.001876449715328743
2025-04-15,201.0775451660156,202.44033954558063,198.74984792281177,200.7990180691496,51343900,201.45556640625,189.4191436767578,171.51376342773438,187.389892578125,191.26937866210938,211.7945999145508,11.44784618692453,-0.001876449715328743,1,-0.03893338032138538
2025-04-16,193.24891662597656,199.64511311117852,191.35889396287376,197.31741584829123,59732400,201.0775451660156,197.1085205078125,197.8048553466797,180.5062561035156,193.08975873674666,210.4195317586263,10.41790423536184,-0.03893338032138538,2,0.013949572360662854
2025-04-17,195.9446563720703,197.78493872612725,193.39811432307044,196.16350125239885,52164700,193.24891662597656,201.45556640625,189.4191436767578,171.51376342773438,196.57988630022322,209.14791615804037,4.253553534228872,0.013949572360662854,3,-0.019392779417306327
2025-04-21,192.14474487304688,192.78138039340035,188.81234657174457,192.254167314604,46742500,195.9446563720703,201.0775451660156,197.1085205078125,197.8048553466797,195.77129908970423,207.62562561035156,4.512012547752958,-0.019392779417306327,0,0.03406507640562206
2025-04-22,198.69017028808597,200.5304375648519,194.9399811908512,195.08918671811185,52976400,192.14474487304688,193.24891662597656,201.45556640625,189.4191436767578,197.0957314627511,206.70581919352213,3.606490128771942,0.03406507640562206,1,0.02433156170565587
2025-04-23,203.5246124267578,206.90673568869565,201.7340703321958,204.91724784553512,52929200,198.69017028808597,195.9446563720703,201.0775451660156,197.1085205078125,198.01231602260046,206.16733042399088,4.3491394243725905,0.02433156170565587,2,0.018426264615083676
2025-04-24,207.2748107910156,207.73239972806863,201.87335793866916,203.81310578126343,47311000,203.5246124267578,192.14474487304688,193.24891662597656,201.45556640625,198.84363664899553,205.8818379720052,5.5164943674873435,0.018426264615083676,3,0.0043672089188706575
2025-04-25,208.18002319335935,208.6475540878433,205.1162098506388,205.2853145092793,38222300,207.2748107910156,198.69017028808597,195.9446563720703,201.0775451660156,199.8582763671875,205.8685745239258,6.551864502800609,0.0043672089188706575,4,0.004109347264288132
2025-04-28,209.03550720214844,210.38835967290976,206.3696005213303,208.8962436468608,38743100,208.18002319335935,203.5246124267578,192.14474487304688,193.24891662597656,202.1135035923549,205.7574946085612,6.614342390187861,0.004109347264288132,0,0.005091920047891385
2025-04-29,210.0998992919922,211.124484458046,207.27481462988692,207.59314001435672,36827600,209.03550720214844,207.2748107910156,198.69017028808597,195.9446563720703,204.13568115234375,205.66498362223308,6.577747552454561,0.005091920047891385,1,0.006107585626286438
2025-04-30,211.3831024169922,212.4574277707069,205.5837430092506,208.19992461631293,52286500,210.0998992919922,208.18002319335935,203.5246124267578,192.14474487304688,206.88401794433594,205.65868326822917,4.38690577097586,0.006107585626286438,2,0.003858818787250806
2025-05-01,212.19879150390625,213.4322643155357,207.8020097882055,207.98107159612528,57365700,211.3831024169922,209.03550720214844,207.2748107910156,198.69017028808597,208.8138209751674,205.59501953125,2.9013891463561285,0.003858818787250806,3,-0.03736159509184811
2025-05-02,204.2707061767578,205.9020858869881,201.097470082072,205.00680709347017,101010600,212.19879150390625,210.0998992919922,208.18002319335935,203.5246124267578,208.920405796596,205.3048863728841,2.6799563617530926,-0.03736159509184811,4,-0.03145860357202501
2025-05-05,197.8446350097656,203.02725796650907,197.1682163705072,202.03251395918383,69018500,204.2707061767578,211.3831024169922,209.03550720214844,207.2748107910156,207.573237827846,204.66228129069012,5.005891220239684,-0.03145860357202501,0,-0.0019106203280500056
2025-05-06,197.4666290283203,199.5953806140849,195.98447015970467,197.1682179665783,51216500,197.8446350097656,212.19879150390625,210.0998992919922,208.18002319335935,206.0427529471261,203.92550760904948,6.26807182751468,-0.0019106203280500056,1,-0.01138482578047606
2025-05-07,195.218505859375,198.39174158064424,192.2342739226712,198.1231564563361,68536700,197.4666290283203,204.2707061767578,211.3831024169922,209.03550720214844,204.0688956124442,203.01365865071614,7.264838885014233,-0.01138482578047606,2,0.006318587695328448
2025-05-08,196.45201110839844,198.9985534894292,193.65676753221484,196.68079799363124,50478900,195.218505859375,197.8446350097656,212.19879150390625,210.0998992919922,202.11919730050224,202.21653747558594,7.2076575455485,0.006318587695328448,3,0.005265995369670984
2025-05-09,197.4865264892578,199.48595647897332,196.5017244580665,197.95405738682032,36453900,196.45201110839844,197.4666290283203,204.2707061767578,211.3831024169922,200.13397216796875,201.3769729614258,6.051939535024302,0.005265995369670984,4,0.06314618136852768
2025-05-12,209.95704650878903,210.435160708662,205.9330174500644,210.13634313336476,63775800,197.4865264892578,195.218505859375,197.8446350097656,212.19879150390625,199.81372288295196,201.15038452148437,5.322449928966529,0.06314618136852768,0,0.01015229570024756
2025-05-13,212.08859252929688,212.55673652410627,208.17412935394688,209.598471364776,51909300,209.95704650878903,196.45201110839844,197.4666290283203,204.2707061767578,200.93056379045757,200.8545878092448,6.976713994220166,0.01015229570024756,1,-0.0028177398251639785
2025-05-14,211.4909820556641,213.09462076548897,209.74789716231064,211.59057778761635,49325800,212.08859252929688,197.4865264892578,195.218505859375,197.8446350097656,202.88004193987166,200.50372314453125,7.825635768146785,-0.0028177398251639785,2,-0.0041445071103579645
2025-05-15,210.6144561767578,212.1184991665837,208.71199985896817,210.116431917556,45029500,211.4909820556641,209.95704650878903,196.45201110839844,197.4666290283203,204.75830296107702,200.10043029785157,7.8873794131778645,-0.0041445071103579645,3,-0.0008985839062414236
2025-05-16,210.4252014160156,211.73003772257164,208.94109887256835,211.52086084946143,54737900,210.6144561767578,212.08859252929688,197.4865264892578,195.218505859375,206.9306880405971,200.37720235188803,6.847575420850629,-0.0008985839062414236,4,-0.011739086232723905
2025-05-19,207.9550018310547,208.65223273202483,203.45285841572863,207.0884445111699,46140500,210.4252014160156,211.4909820556641,209.95704650878903,196.45201110839844,208.57397242954798,201.06270599365234,5.0609550856955865,-0.011739086232723905,0,-0.009196290225973569
2025-05-20,206.04258728027344,207.64622592622175,204.2198167548668,206.84938410987283,42496600,207.9550018310547,210.6144561767578,212.08859252929688,197.4865264892578,209.79626682826452,201.9139170328776,2.109424344528738,-0.009196290225973569,1,-0.023059040715290968
2025-05-21,201.29144287109372,206.2218800326306,199.91690624087693,204.35927415345972,59211800,206.04258728027344,210.4252014160156,211.4909820556641,209.95704650878903,208.5583234514509,202.90650634765626,3.835724186277426,-0.023059040715290968,2,-0.0036123099165270567
2025-05-22,200.56431579589844,201.94882252859867,198.91087172706412,199.9168903850684,46742400,201.29144287109372,207.9550018310547,210.6144561767578,212.08859252929688,206.91199820382255,202.9984883626302,4.486002880949927,-0.0036123099165270567,3,-0.03024432937368582
2025-05-23,194.49838256835935,196.91877297523905,192.6955373289648,192.9046989896,78432900,200.56431579589844,206.04258728027344,210.4252014160156,211.4909820556641,204.48448399135046,203.16779632568358,5.952958849102647,-0.03024432937368582,4,0.025298341226390297
2025-05-27,199.4188690185547,199.94677348688447,196.64984031499387,197.51641281084125,56288500,194.49838256835935,201.29144287109372,207.9550018310547,210.6144561767578,202.88511439732142,203.24480794270832,5.519727178120141,0.025298341226390297,1,0.0010488851004830657
2025-05-28,199.62803649902344,201.9289060786693,199.11008702875665,199.7973629184677,45339700,199.4188690185547,200.56431579589844,206.04258728027344,210.4252014160156,201.34266226632255,203.18389027913412,4.470381469114387,0.0010488851004830657,2,-0.0023450596251282096
2025-05-29,199.15989685058597,203.00464471322184,197.72558456215265,202.775557811137,51396800,199.62803649902344,194.49838256835935,201.29144287109372,207.9550018310547,200.08621869768416,203.1199686686198,3.413130042668826,-0.0023450596251282096,3,0.004501176550088193
2025-05-30,200.0563507080078,201.16196516975768,196.00242594876025,198.58218796001185,70819900,199.15989685058597,199.4188690185547,200.56431579589844,206.04258728027344,199.23104204450334,203.34688313802084,2.2098271341571185,0.004501176550088193,4,0.004231977181112123
2025-06-02,200.90298461914065,201.3312933884623,199.3292261245183,199.4885975362889,35423300,200.0563507080078,199.62803649902344,194.49838256835935,201.29144287109372,199.17554800851005,203.5121607462565,2.153624815189386,0.004231977181112123,0,0.0077838415394115845
2025-06-03,202.4667816162109,202.96480586317463,200.16591202699755,200.55437033168948,46381600,200.90298461914065,199.15989685058597,199.4188690185547,200.56431579589844,199.44732883998327,203.85622863769532,2.4567962884712062,0.0077838415394115845,1,-0.002213904838719083
2025-06-04,202.0185394287109,205.4250230594641,201.30138338029005,202.1081801351405,43604000,202.4667816162109,200.0563507080078,199.62803649902344,194.49838256835935,200.52163696289062,203.96717427571613,1.3073623005775015,-0.002213904838719083,2,-0.010797699336839717
2025-06-05,199.8372039794922,203.9409187010704,199.35908978394465,202.69585814733983,55126100,202.0185394287109,200.90298461914065,199.15989685058597,199.4188690185547,200.5813991001674,203.8442606608073,1.2571480878144639,-0.010797699336839717,3,0.016398311888850436
2025-06-06,203.11419677734372,204.8871617909174,201.2515910514923,202.19783403313104,46607700,199.8372039794922,202.4667816162109,200.0563507080078,199.62803649902344,201.0794219970703,203.70557352701823,1.4861866230696283,0.016398311888850436,4,-0.012112573294913553
2025-06-09,200.65396118164065,205.1859847584805,199.22961916524451,203.5823461143216,72862600,203.11419677734372,202.0185394287109,200.90298461914065,199.15989685058597,201.29285975864954,203.45470479329427,1.2536649235043775,-0.012112573294913553,0,0.006056094961710334
2025-06-10,201.869140625,203.5425099498084,199.77744796710627,199.8073282051838,54672600,200.65396118164065,199.8372039794922,202.4667816162109,200.0563507080078,201.5518297467913,203.21582590738933,1.1375222535440355,0.006056094961710334,1,-0.019193789486923962
2025-06-11,197.9945068359375,203.69190510411792,197.62597377824,202.69585666840095,60989900,201.869140625,203.11419677734372,202.0185394287109,200.90298461914065,201.13633292061942,202.81231282552082,1.7695962000950054,-0.019193789486923962,2,0.0021129385173965787
2025-06-12,198.4128570556641,198.890956077424,196.58013147350607,198.29333609984755,43904600,197.9945068359375,200.65396118164065,199.8372039794922,202.4667816162109,200.5572008405413,202.37997131347657,1.9186928519397197,0.0021129385173965787,3,-0.013805233102505365
2025-06-13,195.67372131347656,199.57822954037988,194.9266849517312,198.94075911963023,51447300,198.4128570556641,201.869140625,203.11419677734372,202.0185394287109,199.65079825265067,201.82913564046223,2.518273079683439,-0.013805233102505365,4,0.010028016154186137
2025-06-16,197.6359405517578,197.9048779009829,195.78328974313985,196.52037110088895,43020700,195.67372131347656,197.9945068359375,200.65396118164065,199.8372039794922,199.3363320486886,201.60797678629558,2.6262418436794626,0.010028016154186137,0,-0.014010749776737996
2025-06-17,194.86691284179688,197.60604600468164,194.4386193152405,196.42074594971083,38856200,197.6359405517578,198.4128570556641,201.869140625,203.11419677734372,198.15814862932478,201.50871938069662,2.4956465521725906,-0.014010749776737996,1,0.004804789802485221
2025-06-18,195.8032073974609,196.7893008408277,194.2991796996429,195.16573699325733,45394700,194.86691284179688,195.67372131347656,197.9945068359375,200.65396118164065,197.4651838030134,201.4532719930013,2.356720052528036,0.004804789802485221,2,0.022484525012509637
2025-06-20,200.20574951171875,200.9029804255433,196.0821093088201,197.45666110928437,96813500,195.8032073974609,197.6359405517578,198.4128570556641,201.869140625,197.22755650111608,201.61951344807943,1.8728487217554686,0.022484525012509637,4,0.0024875227541492073
2025-06-23,200.70376586914065,201.5006076815208,198.1738094532141,200.83325703321927,55814300,200.20574951171875,194.86691284179688,195.67372131347656,197.9945068359375,197.61459350585938,201.76123860677083,2.2910190331110125,0.0024875227541492073,0,-0.005955301634066434
2025-06-24,199.50851440429688,202.63610603642124,199.4089034764897,201.78945874554145,54064000,200.70376586914065,195.8032073974609,197.6359405517578,198.4128570556641,197.77111598423548,201.8286382039388,2.3899381418561934,-0.005955301634066434,1,0.0062904828225489595
2025-06-25,200.76351928710935,202.8651820841085,199.82723133036671,200.65395335177797,39525700,199.50851440429688,200.20574951171875,194.86691284179688,195.67372131347656,198.49822998046875,201.52218729654948,2.419551463559915,0.0062904828225489595,2,-0.0027782426676479233
2025-06-26,200.20574951171875,201.8392684520338,198.67184150130464,200.634043073606,50799100,200.76351928710935,200.70376586914065,195.8032073974609,197.6359405517578,198.86534554617745,201.12609252929687,2.461504916696437,-0.0027782426676479233,3,0.00039807375895950514
2025-06-27,200.2854461669922,202.41698947637084,199.20971189891864,201.09224306842364,73188600,200.20574951171875,199.50851440429688,200.20574951171875,194.86691284179688,199.63942173549108,200.75257466634113,1.7411156759995303,0.00039807375895950514,4,0.020340080117892123
2025-06-30,204.35926818847656,206.570497066428,198.47261792694383,201.21175129212304,91912800,200.2854461669922,200.76351928710935,200.70376586914065,195.8032073974609,200.8617161342076,200.5440684000651,1.5964172228140754,0.020340080117892123,0,0.012916107943551358
2025-07-01,206.9987945556641,209.35942450018743,205.3254252695324,205.85332972802505,78788900,204.35926818847656,200.20574951171875,199.50851440429688,200.20574951171875,201.83215114048548,200.4298548380534,2.766842915888245,0.012916107943551358,1,0.022230784557691008
2025-07-02,211.6005401611328,212.49697770796604,207.31752868499885,208.08449026524104,67941800,206.9987945556641,200.2854461669922,200.76351928710935,200.70376586914065,203.38883318219865,200.55137278238934,4.529861591196365,0.022230784557691008,2,0.005224968132215846
2025-07-03,212.7061462402344,213.8017903991559,210.97301649264048,211.31166931275297,34955800,211.6005401611328,204.35926818847656,200.20574951171875,199.50851440429688,205.27420915876115,200.77349141438802,5.322762863474371,0.005224968132215846,3,-0.016857928064098138
2025-07-07,209.120361328125,215.37554414763463,207.97491173225177,211.8395692407974,50229000,212.7061462402344,206.9987945556641,200.2854461669922,200.76351928710935,206.4680437360491,201.03445536295573,5.073800406842886,-0.016857928064098138,0,0.00028588290096287494
2025-07-08,209.18014526367188,210.59453234535172,207.62631199643187,209.26980118177752,42848900,209.120361328125,211.6005401611328,204.35926818847656,200.20574951171875,207.7501002720424,201.32164967854817,4.302987071491647,0.00028588290096287494,1,0.005380692590104097
2025-07-09,210.30567932128903,210.49493096772343,206.4011710318064,208.7020406311003,48749400,209.18014526367188,212.7061462402344,206.9987945556641,200.2854461669922,209.18156215122767,201.8485595703125,2.815449283641004,0.005380692590104097,2,0.006014978458698028
2025-07-10,211.57066345214844,212.63642743345136,209.2000631819418,209.67816220166208,44443600,210.30567932128903,209.120361328125,211.6005401611328,204.35926818847656,210.21176147460938,202.2536193847656,1.940130556351455,0.006014978458698028,3,-0.005884896283904872
2025-07-11,210.3255920410156,211.29176024279,209.03072603053,209.73792710960444,39765800,211.57066345214844,209.18014526367188,212.7061462402344,206.9987945556641,210.68701825823103,202.6102045694987,1.335000459244307,-0.005884896283904872,4,-0.012028817972970951
2025-07-14,207.79562377929688,210.07658325197187,206.71988962428105,209.1004448233413,38840100,210.3255920410156,210.30567932128903,209.120361328125,211.6005401611328,210.1434587751116,202.89806213378907,1.6406705306571472,-0.012028817972970951,0,0.002348860273691633
2025-07-15,208.28370666503903,211.05272033529,208.09445501444367,208.39327261019983,42296300,207.79562377929688,211.57066345214844,209.18014526367188,212.7061462402344,209.51168169294084,203.17230733235678,1.3069119861419354,0.002348860273691633,1,0.005021215625020892
2025-07-16,209.3295440673828,211.5606828488181,207.8155461810567,209.4689902412225,47490500,208.28370666503903,210.3255920410156,210.30567932128903,209.120361328125,209.54156494140625,203.45319264729818,1.2988395502704952,0.005021215625020892,2,-0.0006661748290880398
2025-07-17,209.19009399414065,210.96305897069357,208.761785269157,209.7379236663323,48068100,209.3295440673828,207.79562377929688,211.57066345214844,209.18014526367188,209.54298618861608,203.67730305989582,1.2983835185718378,-0.0006661748290880398,3,0.005523257552692229
2025-07-18,210.3455047607422,210.95309492429405,208.871357307622,210.0367321724359,48974600,209.19009399414065,208.28370666503903,210.3255920410156,210.30567932128903,209.54867553710938,203.95486857096355,1.3023636992644585,0.005523257552692229,4,0.00615594851958301
2025-07-21,211.640380859375,214.9273439465105,210.79374875413163,211.2618927646461,51377400,210.3455047607422,209.3295440673828,207.79562377929688,211.57066345214844,209.55863516671317,204.34830780029296,1.3205433791971295,0.00615594851958301,0,0.009036079429770583
2025-07-22,213.5527801513672,214.1006098348481,211.39135685335447,212.29776458434165,46404100,211.640380859375,209.19009399414065,208.28370666503903,210.3255920410156,210.01966203962053,204.69626057942708,2.0141234556106693,0.009036079429770583,1,-0.001165954944465697
2025-07-23,213.3037872314453,214.29983576430007,211.5706725113145,214.15043456376964,46989300,213.5527801513672,210.3455047607422,209.3295440673828,207.79562377929688,210.8065425327846,205.1179214477539,2.075452781330163,-0.001165954944465697,2,-0.0018212218160039706
2025-07-24,212.91531372070312,214.83769515517372,212.68622683006964,213.05475989741396,46022600,213.3037872314453,211.640380859375,209.19009399414065,208.28370666503903,211.46820068359375,205.4861272176107,1.8647028374906216,-0.0018212218160039706,3,0.0005614314509685414
2025-07-25,213.03485107421875,214.3894775978428,212.5567368669443,213.8516029142824,40268800,212.91531372070312,213.5527801513672,210.3455047607422,209.3295440673828,211.9975302559989,205.9874720255534,1.6724190455593577,0.0005614314509685414,4,0.0007949029943306041
2025-07-28,213.2041931152344,214.00103498726415,212.21809958876685,213.1842678888476,37858000,213.03485107421875,213.3037872314453,211.640380859375,209.19009399414065,212.5709729875837,206.4805165608724,1.158619416252797,0.0007949029943306041,0,-0.012987679414280251
2025-07-29,210.43516540527344,213.96117031669576,209.9869466315705,213.33365491441555,51411700,213.2041931152344,212.91531372070312,213.5527801513672,210.3455047607422,212.58378165108817,206.97256469726562,1.1300597681284599,-0.012987679414280251,1,-0.010507952278425825
2025-07-30,208.2239227294922,211.55072076453237,206.89917652304968,211.06265157316116,45512500,210.43516540527344,213.03485107421875,213.3037872314453,211.640380859375,212.09571620396204,207.32549743652345,2.004707795620148,-0.010507952278425825,2,-0.007079572477626139
2025-07-31,206.74978637695312,209.01080544085684,206.3414028602417,207.6661491373953,80698400,208.2239227294922,213.2041931152344,212.91531372070312,213.5527801513672,211.12385995047433,207.72159322102866,2.7067052050200004,-0.007079572477626139,3,-0.025003627425670194
2025-08-01,201.58029174804688,212.7360314354296,200.7037642416869,210.03673342752197,104434500,206.74978637695312,210.43516540527344,213.03485107421875,213.3037872314453,209.4490748814174,207.9141626993815,4.294391580744284,-0.025003627425670194,4,0.004792984751981866
2025-08-04,202.5464630126953,207.0585613783641,200.88304868853191,203.70186769022783,75109300,201.58029174804688,208.2239227294922,213.2041931152344,212.91531372070312,207.96781049455916,207.9921864827474,4.67124223173793,0.004792984751981866,0,-0.0021146466969287347
2025-08-05,202.1181488037109,204.52858421879685,201.3611574563388,202.59624780213056,44155100,202.5464630126953,206.74978637695312,210.43516540527344,213.03485107421875,206.40828159877233,208.0393325805664,4.5174062054334625,-0.0021146466969287347,1,0.050906782152972285
2025-08-06,212.40733337402344,214.52892145014,204.77759854868276,204.8174489981037,108483100,202.1181488037109,201.58029174804688,208.2239227294922,213.2041931152344,206.29444449288505,208.46929321289062,4.3234872037349,0.050906782152972285,2,0.03179364967503995
2025-08-07,219.16053771972656,219.9773047383464,215.7241736307253,218.0150880895572,90224800,212.40733337402344,202.5464630126953,206.74978637695312,210.43516540527344,207.54092625209265,209.08252716064453,6.450710780221345,0.03179364967503995,3,0.04235786562676558
2025-08-08,228.44371032714844,230.08718413442585,218.3836152444713,219.9573735658332,113854000,219.16053771972656,202.1181488037109,201.58029174804688,208.2239227294922,210.4294673374721,210.02379252115887,10.228426305377049,0.04235786562676558,4,-0.008337359373312592
2025-08-11,226.53909301757807,228.91238364576836,224.12592192869852,227.27701087414155,61806100,228.44371032714844,212.40733337402344,202.5464630126953,206.74978637695312,213.25651114327567,210.89891408284504,11.6744662899393,-0.008337359373312592,0,0.010872419065924843
2025-08-12,229.0021209716797,230.14888579943397,226.429412881848,227.36674823663387,55626200,226.53909301757807,219.16053771972656,202.1181488037109,201.58029174804688,217.17391531808036,211.72034250895183,11.70417817242311,0.010872419065924843,1,0.01602444528652036
2025-08-13,232.6717529296875,234.3370398551092,229.77992501054072,230.4181341091737,69878500,229.0021209716797,228.44371032714844,212.40733337402344,202.5464630126953,221.47752816336495,212.57610778808595,10.943032373659026,0.01602444528652036,2,-0.002357234632724192
2025-08-14,232.123291015625,234.4566858681212,230.1987431425788,233.39967872378065,51916300,232.6717529296875,226.53909301757807,219.16053771972656,202.1181488037109,225.76397705078125,213.26019948323568,7.3985464141076935,-0.002357234632724192,3,-0.005112134601489071
2025-08-15,230.9366455078125,233.6190590405621,228.69299310222905,233.33985018068216,56038700,232.123291015625,229.0021209716797,228.44371032714844,212.40733337402344,228.41102164132255,213.86788279215494,4.614101347292721,-0.005112134601489071,4,-0.003022531587090427
2025-08-18,230.23863220214844,232.46233685580373,229.46083388892836,231.0463446646661,37476200,230.9366455078125,232.6717529296875,226.53909301757807,219.16053771972656,229.9936065673828,214.5718251546224,2.1593312892157335,-0.003022531587090427,0,-0.0014292607707683258
2025-08-19,229.90956115722656,232.2130419457167,228.70298322789472,230.62753117126795,39402600,230.23863220214844,232.123291015625,229.0021209716797,228.44371032714844,230.20301382882255,215.26280568440754,2.0524048969841258,-0.0014292607707683258,1,-0.019734587754066668
2025-08-20,225.3723907470703,229.81981519856652,225.1330775565405,229.33119207499823,42263900,229.90956115722656,230.9366455078125,232.6717529296875,226.53909301757807,230.03634207589286,215.76502939860026,2.4148962193470767,-0.019734587754066668,2,-0.004911237335397112
2025-08-21,224.2655334472656,225.88097364743612,223.14869792378403,225.6316789169631,30621200,225.3723907470703,230.23863220214844,232.123291015625,229.0021209716797,229.35968671526228,216.18819173177084,3.2664436343330276,-0.004911237335397112,3,0.012716749948596728
2025-08-22,227.11746215820312,228.44371192910324,224.77410085849388,225.53195134940427,42477800,224.2655334472656,229.90956115722656,230.9366455078125,232.6717529296875,228.56621660505022,216.74792073567707,2.9907788490232954,0.012716749948596728,4,-0.0026343741790885167
2025-08-25,226.51914978027344,228.6531118971015,225.59176554347297,225.84106025439087,30983100,227.11746215820312,225.3723907470703,230.23863220214844,232.123291015625,227.765625,217.37203826904297,2.605111147302158,-0.0026343741790885167,0,0.009464701590599311
2025-08-26,228.6630859375,228.84258604761436,224.05612439304167,226.22996704217397,54575100,226.51914978027344,224.2655334472656,229.90956115722656,230.9366455078125,227.44083077566964,218.05135091145834,2.2631560041621124,0.009464701590599311,1,0.005145918125483151
2025-08-27,229.8397674560547,230.24859923631865,227.6160475796746,227.965066276898,31259500,228.6630859375,227.11746215820312,225.3723907470703,230.23863220214844,227.38385009765625,218.73502502441406,2.184632973974959,0.005145918125483151,2,0.008980879291928812
2025-08-28,231.9039306640625,232.75153884501827,228.69301327644948,230.16884905542523,38074700,229.8397674560547,226.51914978027344,224.2655334472656,229.90956115722656,227.66876002720423,219.49215291341145,2.6495101333565554,0.008980879291928812,3,-0.0018060204541949787
2025-08-29,231.485107421875,232.7216147258446,230.71727541448905,231.85405874294375,39418400,231.9039306640625,228.6630859375,227.11746215820312,225.3723907470703,228.54200526646204,220.19680633544922,2.7710623267204775,-0.0018060204541949787,4,-0.01042469754672981
2025-09-02,229.0719451904297,230.19876225122124,226.32970313085187,228.6032698757151,44075600,231.485107421875,229.8397674560547,226.51914978027344,224.2655334472656,229.22863551548548,220.7778584798177,2.031629720279289,-0.01042469754672981,1,0.038089829254487784
2025-09-03,237.79725646972656,238.17618932549604,233.6988505309185,236.5408165177042,66427800,229.0719451904297,231.9039306640625,228.6630859375,227.11746215820312,230.7543204171317,221.58600769042968,3.59247656223193,0.038089829254487784,2,0.005493291605817241
2025-09-04,239.10354614257807,239.2232027368954,236.0721290991865,237.77729643117493,47549400,237.79725646972656,231.485107421875,229.8397674560547,226.51914978027344,232.55209132603235,222.4459996541341,4.214743276207876,0.005493291605817241,3,-0.00037536957821637795
2025-09-05,239.0137939453125,240.6392002919357,237.81718240373485,239.32291694518145,54870400,239.10354614257807,229.0719451904297,231.9039306640625,228.6630859375,234.03076389857702,223.31594899495443,4.432987989615368,-0.00037536957821637795,4,-0.0075513878695669945
2025-09-08,237.2089080810547,239.47249309970456,235.67324414176576,238.62490021245955,48999500,239.0137939453125,237.79725646972656,231.485107421875,229.8397674560547,235.08349827357702,224.1217508951823,4.136961379033336,-0.0075513878695669945,0,-0.014839387013392824
2025-09-09,233.6888732910156,238.1063683630383,232.70166073618756,236.3313911991396,66313900,237.2089080810547,239.10354614257807,229.0719451904297,231.9039306640625,235.33849007742742,224.80457356770833,3.95952184882583,-0.014839387013392824,1,-0.03225947784379701
2025-09-10,226.1501922607422,231.76431424305807,225.31256565050364,231.53496736029476,83440800,233.6888732910156,239.0137939453125,237.79725646972656,231.485107421875,234.57635934012274,225.32840779622396,5.1571509524922945,-0.03225947784379701,2,0.014286370691166894
2025-09-11,229.3810577392578,229.7998710451417,226.010588238333,226.23995033725743,50208600,226.1501922607422,237.2089080810547,239.10354614257807,229.0719451904297,234.6205182756696,226.0336456298828,5.103204372291349,0.014286370691166894,3,0.01756295951024689
2025-09-12,233.40966796875,233.84841389514688,228.3739115767776,228.5733443098202,55824200,229.3810577392578,233.6888732910156,239.0137939453125,237.79725646972656,233.99371991838726,226.92230834960938,4.913934758072957,0.01756295951024689,4,0.011235861035975292
2025-09-15,236.0322265625,237.5180285002954,234.3669397384463,236.33138325533855,42699500,233.40966796875,226.1501922607422,237.2089080810547,239.10354614257807,233.5549599783761,228.07070617675782,4.501446844099841,0.011235861035975292,0,0.006125955224930424
2025-09-16,237.4781494140625,240.53949594661788,235.65332541334,236.51088466190768,63421100,236.0322265625,229.3810577392578,233.6888732910156,239.0137939453125,233.33558218819755,229.23509572347004,4.219672240578958,0.006125955224930424,1,0.003527257082143187
2025-09-17,238.3157958984375,239.42266510979977,237.05934071942244,238.2958480596019,46508000,237.4781494140625,233.40966796875,226.1501922607422,237.2089080810547,233.49370901925224,230.44168395996093,4.405652607199919,0.003527257082143187,2,-0.004644626316983702
2025-09-18,237.2089080810547,240.51953392817583,235.98236714862816,239.2930082114909,44249600,238.3157958984375,236.0322265625,229.3810577392578,233.6888732910156,233.99657113211495,231.26840311686198,4.62697115141105,-0.004644626316983702,3,0.03203299068174581
2025-09-19,244.8074188232422,245.60516498271892,239.53234916144805,240.5494606794321,163741300,237.2089080810547,237.4781494140625,233.40966796875,226.1501922607422,236.6618892124721,232.12329915364583,4.72642386548255,0.03203299068174581,4,0.04309567263758818
2025-09-22,255.3575592041016,255.9160073848096,247.42002368458668,247.5995237986898,105517400,244.8074188232422,238.3157958984375,236.0322265625,229.3810577392578,240.37281799316406,233.02042744954426,7.462742100195847,0.04309567263758818,0,-0.006443278871197444
2025-09-23,253.71221923828125,256.6140134777918,252.86462630601795,255.15814081026076,60275200,255.3575592041016,237.2089080810547,237.4781494140625,233.40966796875,243.27318246023995,233.92619832356772,8.213043355407471,-0.006443278871197444,1,-0.008332328960039437
2025-09-24,251.59820556640625,255.018537102084,250.33178410429736,254.49999981420797,42303700,253.71221923828125,244.8074188232422,238.3157958984375,236.0322265625,245.49689374651228,234.6794011433919,8.031031597903455,-0.008332328960039437,2,0.018072939472633998
2025-09-25,256.14532470703125,256.4444966190252,250.99989343760635,252.49566170312627,55202100,251.59820556640625,255.3575592041016,237.2089080810547,237.4781494140625,248.16363307407923,235.46185353597005,8.023851339626361,0.018072939472633998,3,-0.0054890943685314
2025-09-26,254.73931884765625,256.87328100426123,253.06405044687503,253.38315498635407,46076300,256.14532470703125,253.71221923828125,244.8074188232422,238.3157958984375,250.50985063825334,236.2157211303711,7.000234880206317,-0.0054890943685314,4,-0.004031963397017835
2025-09-29,253.71221923828125,254.28061851263053,252.29622703166865,253.84185736381545,40127700,254.73931884765625,251.59820556640625,255.3575592041016,237.2089080810547,252.86746651785714,236.97490692138672,3.8395171909710077,-0.004031963397017835,0,0.0007861175643599783
2025-09-30,253.9116668701172,255.1980209495745,252.39595068950493,254.1410137555297,37704300,253.71221923828125,256.14532470703125,253.71221923828125,244.8074188232422,254.16807338169642,237.76400807698568,1.4569541055974453,0.0007861175643599783,1,0.0032203038937570483
2025-10-01,254.72933959960935,258.0599285933123,254.21080232618837,254.32049261064776,48713900,253.9116668701172,254.73931884765625,251.59820556640625,255.3575592041016,254.07832772391183,238.5913340250651,1.3892476896347241,0.0032203038937570483,2,0.006576637201686886
2025-10-02,256.40460205078125,257.4516276685696,253.43299812845933,255.85613542550084,42630200,254.72933959960935,253.71221923828125,256.14532470703125,253.71221923828125,254.46295383998327,239.62574106852213,1.6238847935010918,0.006576637201686886,3,0.0034612549164674267
2025-10-03,257.2920837402344,258.5086431914624,253.23357360959045,253.9515436206674,49155600,256.40460205078125,253.9116668701172,254.73931884765625,251.59820556640625,255.27636500767298,240.72662607828775,1.353251649599389,0.0034612549164674267,4,-0.005154640398047916
2025-10-06,255.96583557128903,258.33912604890287,254.3304629034206,257.2621558739689,44664100,257.2920837402344,254.72933959960935,253.71221923828125,256.14532470703125,255.25072370256697,241.68823852539063,1.3356282246039524,-0.005154640398047916,0,-0.0008180041021813578
2025-10-07,255.75645446777344,256.6738420114173,254.70939836699205,256.0855101139428,31955800,255.96583557128903,256.40460205078125,253.9116668701172,254.73931884765625,255.39602879115515,242.6628153483073,1.3260122062041944,-0.0008180041021813578,1,0.006160338232429563
2025-10-08,257.3320007324219,257.7906945345413,255.3874895821648,255.79633660873375,36496900,255.75645446777344,257.2920837402344,254.72933959960935,253.71221923828125,255.91314043317522,243.61844584147136,1.264304276459927,0.006160338232429563,2,-0.015577920734133444
2025-10-09,253.32330322265625,257.2721380835156,252.42584836214985,257.08267167133846,38322000,257.3320007324219,255.96583557128903,256.40460205078125,253.9116668701172,255.82908848353796,244.40123036702474,1.4284431538422497,-0.015577920734133444,3,-0.03452204809648318
2025-10-10,244.57806396484372,255.6567217403356,243.3116425485481,254.2207817432353,61999100,253.32330322265625,255.75645446777344,257.2920837402344,254.72933959960935,254.37890625,244.82370147705078,4.525807563330993,-0.03452204809648318,4,0.009744415443628807
2025-10-13,246.9613342285156,248.98560621270488,244.867252416582,248.67648318296307,38142900,244.57806396484372,257.3320007324219,255.96583557128903,256.40460205078125,253.02986798967635,245.3395757039388,5.181299808344571,0.009744415443628807,0,0.0004441188177246591
2025-10-14,247.07101440429688,248.1479694164288,244.00966795095763,245.90431694508948,35478000,246.9613342285156,253.32330322265625,255.75645446777344,257.2920837402344,251.56971522739954,245.93954467773438,5.220030915411337,0.0004441188177246591,1,0.006336506208048043
2025-10-15,248.63658142089844,251.1095960297993,246.7718617608356,248.78616738422892,33893600,247.07101440429688,244.57806396484372,257.3320007324219,255.96583557128903,250.5226789202009,246.3008555094401,4.91758309870196,0.006336506208048043,2,-0.007579973963228515
2025-10-16,246.75192260742188,248.33743345063007,244.4384754074267,247.54966879270205,39777000,248.63658142089844,246.9613342285156,253.32330322265625,255.75645446777344,249.23631722586495,246.55580139160156,4.478445657130846,-0.007579973963228515,3,0.019559419889786378
2025-10-17,251.5782470703125,252.66518358811555,246.5724201648456,247.3203043073955,49147000,246.75192260742188,247.07101440429688,244.57806396484372,257.3320007324219,248.4143524169922,246.97461649576823,3.042860878407131,0.019559419889786378,4,0.039438767662544505
2025-10-20,261.50018310546875,263.63416054313814,254.90884523128253,255.168106265739,90483000,251.5782470703125,248.63658142089844,246.9613342285156,253.32330322265625,249.58247811453683,247.7843256632487,5.67367542882978,0.039438767662544505,0,0.00202092745830873
2025-10-21,262.0286560058594,264.5415659974475,261.0913055219307,261.1411827196178,46695900,261.50018310546875,246.75192260742188,247.07101440429688,244.57806396484372,252.07541983468192,248.72898508707684,6.825240306035149,0.00202092745830873,1,-0.016440071254245958
2025-10-22,257.72088623046875,262.1084670888602,254.70938662410157,261.9090191460537,45015300,262.0286560058594,251.5782470703125,248.63658142089844,246.9613342285156,253.6124986921038,249.78134155273438,6.691818023427181,-0.016440071254245958,2,0.004372055505519334
2025-10-23,258.84765625,259.8847307097371,257.2821086816683,259.2066564378435,32754900,257.72088623046875,261.50018310546875,246.75192260742188,247.07101440429688,255.2948760986328,250.76356150309246,6.23813103093077,0.004372055505519334,3,0.012481961631328753
2025-10-24,262.0785827636719,263.3848847726989,258.4488367256365,260.4531761824355,38253700,258.84765625,262.0286560058594,251.5782470703125,248.63658142089844,257.2151620047433,251.7191919962565,5.907043464199797,0.012481961631328753,4,0.022791192752595002
2025-10-27,268.0516662597656,268.36078929414754,263.9033982511248,264.13276036080543,44888200,262.0785827636719,257.72088623046875,261.50018310546875,246.75192260742188,260.2579825265067,252.78650665283203,5.041463471676358,0.022791192752595002,0,0.0007067783895675639
2025-10-28,268.2411193847656,269.12862319727753,267.39351124836816,268.23113785786586,41534800,268.0516662597656,258.84765625,262.0286560058594,251.5782470703125,262.63839285714283,253.8119389851888,4.107438713891891,0.0007067783895675639,1,0.0026022429598195895
2025-10-29,268.93914794921875,270.6443152614699,266.35642794866993,268.5203194424725,51086700,268.2411193847656,262.0785827636719,257.72088623046875,261.50018310546875,263.7011021205357,254.8327173868815,4.685524751335685,0.0026022429598195895,2,0.006303249053230431
2025-10-30,270.63433837890625,273.36662916750566,267.72259312931254,271.2226702585742,69886500,268.93914794921875,268.0516662597656,258.84765625,262.0286560058594,264.9304853166853,255.9468983968099,5.266527332745638,0.006303249053230431,3,-0.0037950435186790976
2025-10-31,269.6072692871094,276.53767519933945,268.40069127196034,276.2085891024436,86167100,270.63433837890625,268.2411193847656,262.0785827636719,257.72088623046875,266.6285400390625,256.77356007893883,4.399396195693063,-0.0037950435186790976,4,-0.004882341269010548
2025-11-03,268.2909545898437,270.08589475979994,265.49886601188945,269.65711516237894,50194600,269.6072692871094,268.93914794921875,268.0516662597656,258.84765625,267.9775826590402,257.2046732584635,2.7571174254467428,-0.004882341269010548,0,0.0036797500454426313
2025-11-04,269.2781982421875,270.7240893859628,266.8650119182292,267.5730004152706,49274800,268.2909545898437,270.63433837890625,268.2411193847656,262.0785827636719,269.00609915597096,257.7235392252604,0.9218330312093471,0.0036797500454426313,1,0.00037036583712879434
2025-11-05,269.3779296875,270.9335263776032,266.17696342424256,267.8522167164328,43683100,269.2781982421875,269.6072692871094,268.93914794921875,268.0516662597656,269.195565359933,258.3161966959635,0.8240843927539039,0.00037036583712879434,2,-0.0013697782796735503
2025-11-06,269.0089416503906,272.6287059365568,267.1342708755924,267.1342708755924,51204000,269.3779296875,268.2909545898437,270.63433837890625,268.2411193847656,269.3052542550223,258.74498392740884,0.720454744333072,-0.0013697782796735503,3,-0.004818894404181151
2025-11-07,267.7126159667969,271.5218466038475,266.0173996929098,269.03885049148494,48227400,269.0089416503906,269.2781982421875,269.6072692871094,268.93914794921875,269.1300354003906,259.17742716471355,0.9400249635546598,-0.004818894404181151,4,0.00454869456011342
2025-11-10,268.93035888671875,273.22240319845355,266.96401085683,268.46122924118225,41312400,267.7126159667969,269.3779296875,268.2909545898437,270.63433837890625,268.88660975864957,259.6846984863281,0.666337320753966,0.00454869456011342,0,0.02160114657791201
2025-11-11,274.73956298828125,275.3983427074405,269.2996575494418,269.3096487524697,46208300,268.93035888671875,269.0089416503906,269.2781982421875,269.6072692871094,269.6197945731027,260.3789616902669,2.3323387438885144,0.02160114657791201,1,-0.006466862149501096
2025-11-12,272.9628601074219,275.2186787593472,271.19615348009904,274.49002155435767,48398000,274.73956298828125,267.7126159667969,269.3779296875,268.2909545898437,270.2872096470424,260.986745707194,2.54725327220818,-0.006466862149501096,2,-0.0019014031834500011
2025-11-13,272.44384765625,276.1868935731559,271.5854266195937,273.6016697208788,49602800,272.9628601074219,268.93035888671875,269.0089416503906,269.2781982421875,270.7394452776228,261.5213872273763,2.618280588010573,-0.0019014031834500011,3,-0.00197850671637112
2025-11-14,271.9048156738281,275.44821996704485,269.1000292932184,270.54732197227213,47431300,272.44384765625,274.73956298828125,267.7126159667969,269.3779296875,271.10042898995533,262.0084782918294,2.5730836946983846,-0.00197850671637112,4,-0.018171161859606544
2025-11-17,266.9639892578125,269.98836893107386,265.237217022597,268.3214829895084,45018300,271.9048156738281,272.9628601074219,268.93035888671875,269.0089416503906,270.8082929338728,262.3750834147135,2.940038782022627,-0.018171161859606544,0,-7.464669137968727e-05
2025-11-18,266.9440612792969,270.2079864201871,264.8279974843966,269.48932037088264,45677300,266.9639892578125,272.44384765625,274.73956298828125,267.7126159667969,270.69849940708707,262.74800364176434,3.085656502400974,-7.464669137968727e-05,1,0.0041877290655558674
2025-11-19,268.0619506835937,271.7051756343288,265.00762791735707,265.0375710636542,40424500,266.9440612792969,271.9048156738281,272.9628601074219,268.93035888671875,270.5744410923549,263.10566864013674,3.1844672845512543,0.0041877290655558674,2,-0.00860134970367199
2025-11-20,265.7562561035156,274.91922505965954,265.4268814706152,270.327749378444,45823600,268.0619506835937,266.9639892578125,272.44384765625,274.73956298828125,269.2911115373884,263.52010040283204,3.032686220455977,-0.00860134970367199,3,0.019680647235321702
2025-11-21,270.98651123046875,272.8230952896135,265.17732758833057,265.4568071090486,59030800,265.7562561035156,266.9440612792969,271.9048156738281,272.9628601074219,269.00877598353793,264.40038197835287,2.708559373339736,0.019680647235321702,4,0.016317468883471742
2025-11-24,275.4083251953125,276.4863089537433,270.397615191446,270.397615191446,65585800,270.98651123046875,268.0619506835937,266.9639892578125,272.44384765625,269.4322727748326,265.3486150105794,3.4621002600790525,0.016317468883471742,0,0.003805495657415614
2025-11-25,276.4563903808594,279.8600705608694,274.73957871594786,274.75953066216096,46914200,275.4083251953125,265.7562561035156,266.9440612792969,271.9048156738281,270.0824977329799,266.32812754313153,4.32400357592311,0.003805495657415614,1,0.002093957526739132
2025-11-26,277.0352783203125,279.01161742605893,276.1170014953278,276.4463761157936,33431400,276.4563903808594,270.98651123046875,268.0619506835937,266.9639892578125,271.52125331333707,267.274750773112,4.766339982862657,0.002093957526739132,2,0.0046839067924580036
2025-11-28,278.3328857421875,278.4826014787427,275.4781737009374,276.7458380127342,20135600,277.0352783203125,275.4083251953125,265.7562561035156,266.9440612792969,273.14822823660717,268.32744954427085,4.88580083193549,0.0046839067924580036,4,0.01524119743713337
2025-12-01,282.57501220703125,282.89442609469603,275.6279276857388,277.4944549964911,46587700,278.3328857421875,276.4563903808594,270.98651123046875,268.0619506835937,275.22152273995533,269.3606750488281,5.418032924280221,0.01524119743713337,0,0.010914832876105063
2025-12-02,285.6592712402344,286.86701880065203,282.10587559562896,282.47518456741903,53669500,282.57501220703125,277.0352783203125,275.4083251953125,265.7562561035156,278.0648106166295,270.1659779866537,4.811372018807634,0.010914832876105063,1,-0.007128157809805358
2025-12-03,283.623046875,288.0847586222564,282.77461708045536,285.6692634925469,43538700,285.6592712402344,278.3328857421875,276.4563903808594,270.98651123046875,279.87002999441967,270.885791015625,4.018203439977609,-0.007128157809805358,2,-0.012141479874668626
2025-12-04,280.179443359375,284.20196835267484,278.0733405949076,283.5731318378766,43989100,283.623046875,282.57501220703125,277.0352783203125,275.4083251953125,280.55161830357144,271.63440958658856,3.507438330750753,-0.012141479874668626,3,-0.006840055245008081
2025-12-05,278.26300048828125,280.6186397013617,277.5343433093784,280.01974631085085,47265800,280.179443359375,285.6592712402344,278.3328857421875,276.4563903808594,280.80970546177457,272.2815877278646,3.2097081580993017,-0.006840055245008081,4,-0.003192433705098474
2025-12-08,277.3746643066406,279.15136205700173,275.6378704438954,277.6142094762677,38211800,278.26300048828125,283.623046875,282.57501220703125,277.0352783203125,280.85818917410717,272.7914571126302,3.1451049680347944,-0.003192433705098474,0,-0.002555062909471273
2025-12-09,276.6659545898437,279.5106752769474,276.40645748061854,277.64414811825674,32193300,277.3746643066406,280.179443359375,285.6592712402344,278.3328857421875,280.62005615234375,273.07860005696614,3.4193282379631507,-0.002555062909471273,1,0.005772469911613065
2025-12-10,278.26300048828125,279.2312028389952,275.92734368017386,277.23491184461454,33038300,276.6659545898437,278.26300048828125,283.623046875,282.57501220703125,280.0040544782366,273.41266276041665,3.3967750731098714,0.005772469911613065,2,-0.002690246960942222
2025-12-11,277.514404296875,279.07150890817053,273.3022288840155,278.5824273392719,33248000,278.26300048828125,277.3746643066406,280.179443359375,285.6592712402344,278.8405020577567,273.69850463867186,2.3793692139495217,-0.002690246960942222,3,0.0008992046267306542
2025-12-12,277.7639465332031,278.70220580092337,276.30666253778065,277.38464634485007,39532900,277.514404296875,276.6659545898437,278.26300048828125,283.623046875,278.0034877232143,273.9361582438151,1.1068327962136548,0.0008992046267306542,4,-0.01498499906996098
2025-12-15,273.6016540527344,279.6304615267261,272.33402020742307,279.6304615267261,50409100,277.7639465332031,278.26300048828125,277.3746643066406,280.179443359375,277.06380353655135,274.0693044026693,1.6233086156584358,-0.01498499906996098,0,0.0018241281266524467
2025-12-16,274.1007385253906,274.9891026980292,271.2859911871425,272.3140798989353,37648600,273.6016540527344,277.514404296875,276.6659545898437,278.26300048828125,276.4691946847098,274.2629638671875,1.8564099894928887,0.0018241281266524467,1,-0.010087028861802239
2025-12-17,271.3358764648437,275.6478724530811,271.13626563598973,274.50001118897205,50138700,274.1007385253906,277.7639465332031,278.26300048828125,277.3746643066406,275.60651070731024,274.33155314127606,2.6140346685621934,-0.010087028861802239,2,0.001287574790797441
2025-12-18,271.68524169921875,273.12257373871984,266.4549687260805,273.1025913325419,51630700,271.3358764648437,273.6016540527344,277.514404296875,276.6659545898437,274.89498029436385,274.40846354166666,2.9356732358017923,0.001287574790797441,3,0.005437411303821804
2025-12-19,273.1625061035156,274.09077415448866,269.399477884542,271.6453053723066,144632000,271.68524169921875,274.1007385253906,277.7639465332031,278.26300048828125,274.1663382393973,274.5469156901042,2.570685257860144,0.005437411303821804,4,-0.009865948891234266
2025-12-22,270.4674987792969,273.37210596231955,270.00836035897595,272.3539780142796,36571800,273.1625061035156,271.3358764648437,273.6016540527344,277.514404296875,273.1596374511719,274.6387451171875,2.4162049394709637,-0.009865948891234266,0,0.005129713035979089
2025-12-23,271.8549194335937,271.99467443806464,269.06012395403746,270.3377490962612,29642000,270.4674987792969,271.68524169921875,274.1007385253906,277.7639465332031,272.31549072265625,274.73623046875,1.3255702511759604,0.005129713035979089,1,0.005323781322749577
2025-12-24,273.3022155761719,274.9192064044749,271.69521595033444,271.8349404799371,17910600,271.8549194335937,273.1625061035156,271.3358764648437,273.6016540527344,272.272713797433,274.6883188883464,1.2812376641619587,0.005323781322749577,2,-0.0014973926274014504
2025-12-26,272.8929748535156,274.859322715931,272.35396775197984,273.65157518449314,21521800,273.3022155761719,270.4674987792969,271.68524169921875,274.1007385253906,272.1001761300223,274.6859893798828,1.0554686445163317,-0.0014973926274014504,4,0.001316908213532919
2025-12-29,273.2523498535156,273.8512128461511,271.8449608988494,272.1843267483383,23715200,272.8929748535156,271.8549194335937,273.1625061035156,271.3358764648437,272.3739580426897,274.712939453125,1.072593346235515,0.001316908213532919,0,-0.0024840480713893553
2025-12-30,272.5735778808594,273.5717234473003,271.77507361210075,272.304089543875,22139600,273.2523498535156,273.3022155761719,270.4674987792969,271.68524169921875,272.5008632114955,274.7352315266927,1.0292005265635042,-0.0024840480713893553,1,-0.00446757506501283
2025-12-31,271.3558349609375,273.17246717497864,271.24605357156486,272.553621806917,27293600,272.5735778808594,272.8929748535156,271.8549194335937,273.1625061035156,272.2427673339844,274.8816263834635,1.0616454482994213,-0.00446757506501283,2,-0.003126592761770741
2026-01-02,270.5074157714844,277.32473598417806,268.5011336129586,271.75509761912826,37838100,271.3558349609375,273.2523498535156,273.3022155761719,270.4674987792969,272.2484697614397,275.0004048665365,1.0505701093395352,-0.003126592761770741,4,-0.013837114156417418
2026-01-05,266.7643737792969,271.0064921177503,265.6464557026853,270.1381104139889,45647200,270.5074157714844,272.5735778808594,272.8929748535156,271.8549194335937,271.521248953683,274.9571523030599,2.3395391813344584,-0.013837114156417418,0,-0.018334270451824564
2026-01-06,261.8734436035156,267.0538212812338,261.6338984265986,266.504853430471,52352100,266.7643737792969,271.3558349609375,273.2523498535156,273.3022155761719,269.88856724330356,274.8277252197266,4.165121456381223,-0.018334270451824564,1,-0.007737497507594893
2026-01-07,259.8471984863281,263.1909919246956,259.32817380451803,262.71190159101934,48309800,261.8734436035156,270.5074157714844,272.5735778808594,272.8929748535156,268.02488490513394,274.4564147949219,5.347567342578461,-0.007737497507594893,2,-0.004955093401707855
2026-01-08,258.55963134765625,258.80916773471864,255.22581364132836,256.5433578451618,50419300,259.8471984863281,266.7643737792969,271.3558349609375,273.2523498535156,265.9259251185826,273.89479166666666,5.816701079969929,-0.004955093401707855,3,0.0012738888084979916
2026-01-09,258.8890075683594,259.7274461787287,255.74485516422808,258.5995368285105,39997000,258.55963134765625,261.8734436035156,270.5074157714844,272.5735778808594,263.97098650251115,273.30921223958336,5.501189191664619,0.0012738888084979916,4,0.0033929113461488303
2026-01-12,259.76739501953125,260.8154357257053,256.32378048041085,258.6794199598783,45263800,258.8890075683594,259.8471984863281,266.7643737792969,271.3558349609375,262.3154950823103,272.7336161295573,4.573986715479116,0.0033929113461488303,0,0.003073874731586601
2026-01-13,260.5658874511719,261.3244878277737,257.9108470550362,258.24022168851656,45730800,259.76739501953125,258.55963134765625,261.8734436035156,270.5074157714844,260.89527675083707,272.1413828531901,2.8095832538572503,0.003073874731586601,1,-0.004175458991876879
2026-01-14,259.4779052734375,261.334471811998,256.2339322781376,259.0087756526009,40019400,260.5658874511719,258.8890075683594,259.8471984863281,266.7643737792969,259.85435267857144,271.37147928873696,1.1060839229799748,-0.004175458991876879,2,-0.0067318453757286845
2026-01-15,257.73114013671875,260.5559089501236,256.5732877053955,260.1666175851947,39388600,259.4779052734375,259.76739501953125,258.55963134765625,261.8734436035156,259.2625950404576,270.44054158528644,0.9416823143428119,-0.0067318453757286845,3,-0.01037904480746421
2026-01-16,255.0561370849609,258.41988279267105,254.45724364888235,257.4217372195352,72142800,257.73114013671875,260.5658874511719,258.8890075683594,259.8471984863281,258.5781576974051,269.4883112589518,1.7978663045103762,-0.01037904480746421,4,-0.03455564430294311
2026-01-20,246.2425079345703,254.31750190322293,242.9685916985444,252.26132447540704,80267500,255.0561370849609,259.4779052734375,259.76739501953125,258.55963134765625,256.81856863839283,268.35708007812497,4.9981459186197155,-0.03455564430294311,1,0.0038508468560267684
2026-01-21,247.1907501220703,251.09350304772093,244.72532928784557,248.2388060412761,54641700,246.2425079345703,257.73114013671875,260.5658874511719,258.8890075683594,255.1473890032087,267.32133839925126,6.038033042749888,0.0038508468560267684,2,0.002826561879143208
2026-01-22,247.8894500732422,250.5345296526772,247.68980878155543,248.737864640942,39708300,247.1907501220703,255.0561370849609,259.4779052734375,259.76739501953125,253.4505397251674,266.33849792480464,6.190384987564499,0.002826561879143208,3,-0.0012482700788881695
2026-01-23,247.58001708984372,248.94748685874612,244.22624741136653,246.8613663013417,41689000,247.8894500732422,246.2425079345703,257.73114013671875,260.5658874511719,251.59541538783483,265.36896667480465,5.622420243494397,-0.0012482700788881695,4,0.0297129735567756
2026-01-26,254.9363555908203,256.0842168676608,249.336758511775,251.01363570547156,55969200,247.58001708984372,247.1907501220703,255.0561370849609,259.4779052734375,250.94662257603235,264.5914118448893,4.756598333219263,0.0297129735567756,0,0.011197539980376536
2026-01-27,257.791015625,261.46421404872183,257.73112933459527,258.68937090303496,49648300,254.9363555908203,247.8894500732422,246.2425079345703,257.73114013671875,250.9551762172154,263.9339655558268,4.7708645573165915,0.011197539980376536,1,-0.007085403423770176
2026-01-28,255.96446228027344,258.3799575946877,254.0380333360145,257.17220993748055,41288000,257.791015625,247.58001708984372,247.1907501220703,255.0561370849609,251.0849369594029,263.20731608072913,4.911281123034217,-0.007085403423770176,2,0.007175070687510443
2026-01-29,257.801025390625,259.16847988830324,253.93820707645816,257.52154586161765,67253000,255.96446228027344,254.9363555908203,247.8894500732422,246.2425079345703,252.73615373883928,262.6806284586588,4.954714936358379,0.007175070687510443,3,0.0046461584937966816
2026-01-30,258.9988098144531,261.41430490835,251.7123292610244,254.69678984095316,92443400,257.801025390625,257.791015625,247.58001708984372,247.1907501220703,254.4230194091797,262.1772308349609,4.758255106016098,0.0046461584937966816,4,0.04058126002356821
2026-02-02,269.5093078613281,269.9883982625768,258.7293169184304,259.5478036352127,73913400,258.9988098144531,255.96446228027344,254.9363555908203,247.8894500732422,257.5115705217634,262.1163452148437,6.5061571490933545,0.04058126002356821,0,-0.0019629088916998105
2026-02-03,268.98028564453125,271.3758289780004,267.11372779647115,268.70080609664296,64394700,269.5093078613281,257.801025390625,257.791015625,247.58001708984372,260.5687517438616,262.0261800130208,6.075245659162852,-0.0019629088916998105,1,0.02601286642781786
2026-02-04,275.97723388671875,278.432693698261,271.7850411492978,271.7850411492978,90545700,268.98028564453125,258.9988098144531,255.96446228027344,254.9363555908203,263.57459150041853,262.1200042724609,7.787849360192671,0.02601286642781786,2,-0.002097593092373451
2026-02-05,275.3983459472656,278.98168486317746,272.72332314901723,277.6142303156022,52977400,275.97723388671875,269.5093078613281,257.801025390625,257.791015625,266.08992440359935,262.28436584472655,8.425820513538124,-0.002097593092373451,3,0.008009748840153375
2026-02-06,277.6042175292969,280.3890519626743,276.4164219647768,276.6060720438839,50453400,275.3983459472656,268.98028564453125,258.9988098144531,255.96446228027344,269.1813180106027,262.47600911458335,8.053194706634354,0.008009748840153375,4,-0.01166048390953256
2026-02-09,274.3672180175781,277.9439398399519,271.4499228389202,277.6541982366954,44623400,277.6042175292969,275.97723388671875,269.5093078613281,257.801025390625,271.5479169573103,262.5115091959635,6.420029006189695,-0.01166048390953256,0,-0.003422959769044165
2026-02-10,273.4280700683594,275.11651686144285,272.68876099546605,274.6369782150198,34376900,274.3672180175781,275.3983459472656,268.98028564453125,258.9988098144531,273.60923985072543,262.529345703125,3.2560752392912504,-0.003422959769044165,1,0.006650117732854843
2026-02-11,275.24639892578125,279.92208361183503,274.1973776592452,274.44714753122867,51931300,273.4280700683594,277.6042175292969,275.97723388671875,269.5093078613281,274.4288242885045,262.59581400553384,2.731939870871922,0.006650117732854843,2,-0.04998173910671744
2026-02-12,261.4891052246094,275.46621856633783,259.94051360693726,275.3363333447182,81077200,275.24639892578125,274.3672180175781,275.3983459472656,268.98028564453125,273.35865565708707,262.22633158365886,5.3931113862706646,-0.04998173910671744,3,-0.022733450234726726
2026-02-13,255.5445556640625,261.9886306947134,255.21485759663088,261.7688319830923,56290700,261.4891052246094,273.4280700683594,277.6042175292969,275.97723388671875,270.43970162527904,261.6992889404297,8.419788800661426,-0.022733450234726726,4,0.03166790148756515
2026-02-17,263.6371154785156,266.0449008431299,255.30478047881587,257.8124646511843,58469100,255.5445556640625,275.24639892578125,274.3672180175781,275.3983459472656,268.75952584402904,261.47027893066405,8.438830397507122,0.03166790148756515,1,0.0017811375828364895
2026-02-18,264.106689453125,266.57441720150126,262.20844437502524,263.35737977838915,34203300,263.6371154785156,261.4891052246094,273.4280700683594,277.6042175292969,266.831307547433,261.381689453125,7.579328089669625,0.0017811375828364895,2,-0.014261551090285374
2026-02-19,260.3401184082031,264.2365527856389,259.81060750150084,262.35827847824623,30845300,264.106689453125,255.5445556640625,275.24639892578125,274.3672180175781,264.8274361746652,261.33057861328126,7.093593027304783,-0.014261551090285374,3,0.015350449692731916
2026-02-20,264.3364562988281,264.5063132392292,257.9223826043077,258.73163460792017,42070500,260.3401184082031,263.6371154785156,261.4891052246094,273.4280700683594,263.5286342075893,261.4802205403646,6.0052244509749135,0.015350449692731916,4,0.006047257970275721
2026-02-23,265.9349670410156,269.1819753311392,263.13755670993424,263.24744081710827,37308200,264.3364562988281,264.106689453125,255.5445556640625,275.24639892578125,262.1984296526228,261.72606506347654,3.4755009914033135,0.006047257970275721,0,0.02239103564464129
2026-02-24,271.8895263671875,274.6369951599546,267.46358073991865,267.61343657617186,47014600,265.9349670410156,260.3401184082031,263.6371154785156,261.4891052246094,263.6842041015625,262.15941569010414,5.0072643436392035,0.02239103564464129,1,0.007679860855135612
2026-02-25,273.97760009765625,274.6869380517792,270.8005039088116,271.5298429675081,33714300,271.8895263671875,264.3364562988281,264.106689453125,255.5445556640625,266.3174961635045,262.6330891927083,4.857926720052013,0.007679860855135612,2,-0.0046676776162442035
2026-02-26,272.6987609863281,275.8558253670768,270.55071567552415,274.6969199809464,32345100,273.97760009765625,265.9349670410156,260.3401184082031,263.6371154785156,267.6120169503348,263.0375183105469,5.218593740242065,-0.0046676776162442035,3,-0.03213044438249635
2026-02-27,263.93682861328125,272.5588900215503,262.6480379442022,272.5588900215503,72366500,272.6987609863281,271.8895263671875,264.3364562988281,264.106689453125,267.58775111607144,263.18614908854164,5.237968600982857,-0.03213044438249635,4,0.0020440108677830526
2026-03-02,264.476318359375,266.2846497598317,259.960490133898,262.16844722421786,41827900,263.93682861328125,273.97760009765625,265.9349670410156,260.3401184082031,268.1786368233817,263.41098836263023,4.459572155989263,0.0020440108677830526,0,-0.003664168116717992
2026-03-03,263.5072326660156,265.3155642216452,259.8905695547566,263.23749216234586,38568900,264.476318359375,272.6987609863281,271.8895263671875,264.3364562988281,268.06017630440846,263.6926915486654,4.587812446093072,-0.003664168116717992,1,-0.0046635601744375865
2026-03-04,262.2783508300781,265.9050144519466,261.179387723623,264.4063951364299,39803100,263.5072326660156,263.93682861328125,273.97760009765625,265.9349670410156,267.53780255998885,264.2272196451823,5.054552557572101,-0.0046635601744375865,2,-0.008494547048829904
2026-03-05,260.0504150390625,261.3192350446657,257.0132047817476,260.549954795684,49658600,262.2783508300781,264.476318359375,272.6987609863281,271.8895263671875,265.8465009416853,264.65587514241537,5.329023878557348,-0.008494547048829904,3,-0.010872595974432131
2026-03-06,257.2229919433594,258.53178361058343,254.13584003818684,258.39192833924307,41120000,260.0504150390625,263.5072326660156,263.93682861328125,273.97760009765625,263.45298549107144,264.9669932047526,4.805182852280412,-0.010872595974432131,4,0.009399570490431275
2026-03-09,259.6407775878906,260.9095975388004,253.44647267699952,255.45463216869052,38218500,257.2229919433594,262.2783508300781,264.476318359375,272.6987609863281,261.58755929129467,265.3690185546875,2.684168204608659,0.009399570490431275,0,0.0036555398041986376
2026-03-10,260.58990478515625,262.2384104290217,256.71350175461305,257.4128391437035,30590800,259.6407775878906,260.0504150390625,263.5072326660156,263.93682861328125,261.1094273158482,265.5574701944987,2.4867827464609245,0.0036555398041986376,1,-7.670678451010549e-05
2026-03-11,260.5699157714844,261.888707997661,259.3110658747261,260.8496568052655,26218900,260.58990478515625,257.2229919433594,262.2783508300781,264.476318359375,260.5513698032924,265.6501001993815,1.99497914211557,-7.670678451010549e-05,2,-0.01936274610273281
2026-03-12,255.52456665039065,258.71164792954545,253.94601921584928,258.4219063383753,40794000,260.5699157714844,259.6407775878906,260.0504150390625,263.5072326660156,259.4109889439174,265.63543701171875,2.284294048813012,-0.01936274610273281,3,-0.022051876328148534
2026-03-13,249.8897705078125,256.0940459350445,249.29033192864068,255.2448374700317,36930000,255.52456665039065,260.58990478515625,257.2229919433594,262.2783508300781,257.6411917550223,265.371728515625,3.9118315723313657,-0.022051876328148534,4,0.010794859745288043
2026-03-16,252.58729553222656,253.6563027081548,249.6499992581203,251.8779423541949,32074200,249.8897705078125,260.5699157714844,259.6407775878906,260.0504150390625,256.57503182547435,265.1580113728841,4.155221388657595,0.010794859745288043,0,0.005577047742174601
2026-03-17,253.99598693847656,254.89516767044785,251.94787083452104,252.72716690012703,32361600,252.58729553222656,255.52456665039065,260.58990478515625,257.2229919433594,256.11403111049106,264.6409006754557,4.249297144485988,0.005577047742174601,1,-0.016874444795081822
2026-03-18,249.7099456787109,254.70534343896443,248.7708084606242,252.3974721128864,35757900,253.99598693847656,249.8897705078125,260.5699157714844,259.6407775878906,254.6953408377511,263.9985560099284,4.524465939105294,-0.016874444795081822,2,-0.003920930967820202
2026-03-19,248.73085021972656,251.5982036354298,247.0723745163624,249.17043241392184,34864100,249.7099456787109,252.58729553222656,255.52456665039065,260.58990478515625,253.00119018554688,263.09034322102866,4.154575617730676,-0.003920930967820202,3,-0.0038962445152317393
2026-03-20,247.76173400878903,248.97061168291063,245.77356028907465,247.7517334570195,88331100,248.73085021972656,253.99598693847656,249.8897705078125,260.5699157714844,251.17144993373327,262.1691228230794,2.895215584657124,-0.0038962445152317393,4,0.014113480475494988
2026-03-23,251.25851440429688,254.3656523266213,250.0496214753341,253.73622734962268,40546100,247.76173400878903,249.7099456787109,252.58729553222656,255.52456665039065,250.56201389857702,261.29093271891276,2.1890526412283795,0.014113480475494988,0,0.0005964238375686381
2026-03-24,251.4083709716797,254.5954370944537,249.32029842391177,250.1195650925759,45152300,251.25851440429688,248.73085021972656,253.99598693847656,249.8897705078125,250.7789568219866,260.5256378173828,2.1865752632467337,0.0005964238375686381,1,0.0038944425565474727
2026-03-25,252.3874664306641,254.76528059453105,251.3684162845015,253.86611511385965,28476700,251.4083709716797,247.76173400878903,249.7099456787109,252.58729553222656,250.75040980747767,259.824284362793,2.1601766145791967,0.0038944425565474727,2,0.0010688333127271132
2026-03-26,252.6572265625,256.7634441190972,250.53918279672283,251.88793104116343,41796700,252.3874664306641,251.25851440429688,248.73085021972656,253.99598693847656,250.5591583251953,259.0713119506836,1.8638811368885584,0.0010688333127271132,3,-0.016173068672430957
2026-03-27,248.57098388671875,255.2548282141602,247.8416601166152,253.666280215245,47900000,252.6572265625,251.4083709716797,247.76173400878903,249.7099456787109,250.39644949776786,258.64070790608724,1.995439537875344,-0.016173068672430957,4,-0.008721851736991582
2026-03-30,246.40298461914065,250.63907198816295,245.2840052006544,249.83982057534303,39446200,248.57098388671875,252.3874664306641,251.25851440429688,248.73085021972656,250.06389726911272,258.3359888712565,2.4593385826352603,-0.008721851736991582,0,0.029031290418426448
2026-03-31,253.55638122558597,255.24482803058763,246.8725521332485,247.6818040942864,49598100,246.40298461914065,252.6572265625,251.4083709716797,247.76173400878903,250.89170401436942,257.9999643961589,2.5295163582794586,0.029031290418426448,1,0.007250134515282447
2026-04-01,255.3946990966797,255.9441806293992,253.096813183035,253.8461228128272,40059400,253.55638122558597,248.57098388671875,252.3874664306641,251.25851440429688,251.48258754185267,257.7095647176107,3.0574807028176387,0.007250134515282447,2,0.0011344553655323608
2026-04-02,255.68443298339844,255.89424639361263,250.4192795609811,253.9660149621701,31289400,255.3946990966797,246.40298461914065,252.6572265625,251.4083709716797,252.09345354352678,257.55437520345055,3.4430370701836726,0.0011344553655323608,3,0.011487876222620041
2026-04-06,258.6217041015625,261.9186847371787,256.2239194053331,256.2738916739028,29329900,255.68443298339844,253.55638122558597,248.57098388671875,252.3874664306641,252.9840589250837,257.36388346354164,4.244729904069984,0.011487876222620041,0,-0.0207060792616357
2026-04-07,253.26666259765625,255.96418954301225,245.47383916108728,255.92421782448065,62148000,258.6217041015625,255.3946990966797,246.40298461914065,252.6572265625,253.0711212158203,256.941606648763,4.24315877415786,-0.0207060792616357,1,0.021301735790709264
2026-04-08,258.66168212890625,259.51090582044134,256.29386854025813,258.2121146377317,41032800,253.26666259765625,255.68443298339844,253.55638122558597,248.57098388671875,254.5126495361328,256.50067850748695,4.1729982496718145,0.021301735790709264,2,0.006141348347641795
2026-04-09,260.2502136230469,260.879638597066,255.8342992320816,258.7615948993736,28121600,258.66168212890625,258.6217041015625,255.3946990966797,246.40298461914065,256.4908251081194,256.04309895833336,2.715517531426287,0.006141348347641795,3,-3.834482173115106e-05
2026-04-10,260.240234375,261.94865175168746,258.7815563792568,259.7406946341393,31291500,260.2502136230469,253.26666259765625,255.68443298339844,253.55638122558597,257.44566127232144,255.62781473795573,2.686675052565123,-3.834482173115106e-05,4,-0.004913954203973225
2026-04-13,258.96142578125,259.9405042051452,256.4237552437805,259.49093671136296,36234700,260.240234375,258.66168212890625,258.6217041015625,255.3946990966797,257.95519365583147,255.46196797688802,2.5684973064728576,-0.004913954203973225,0,-0.001427586909096612
2026-04-14,258.5917358398437,261.68888841493145,256.9532612999924,259.01136264890187,48370700,258.96142578125,260.2502136230469,253.26666259765625,255.68443298339844,258.37052263532365,255.26581522623698,2.367291535076368,-0.001427586909096612,1,0.02936295529114563
2026-04-15,266.18475341796875,266.3146386359468,257.5726926972944,257.92237663273806,49913500,258.5917358398437,260.240234375,258.66168212890625,258.6217041015625,259.4509582519531,255.35506591796874,3.7958779839879977,0.02936295529114563,2,-0.011372633634406881
2026-04-16,263.15753173828125,266.91408037974617,261.0294875448873,266.55439590858066,43323100,266.18475341796875,258.96142578125,260.2502136230469,253.26666259765625,260.8639395577567,255.38437194824218,2.827534234743759,-0.011372633634406881,3,0.02593021154924191
2026-04-17,269.98126220703125,272.0493335842862,266.47448343207725,266.7142527536172,61436200,263.15753173828125,258.5917358398437,260.240234375,258.66168212890625,262.4810224260603,255.71540018717448,4.241474479847872,0.02593021154924191,4,0.010435475371396441
2026-04-20,272.79864501953125,274.0275237795767,270.04120633500696,270.08114756253855,36590200,269.98126220703125,266.18475341796875,258.96142578125,260.2502136230469,264.2736554827009,256.2345886230469,5.581557872651915,0.010435475371396441,0,-0.025196703995697067
2026-04-21,265.9250183105469,272.5488901425708,265.1557075406741,271.250098918132,50209800,272.79864501953125,263.15753173828125,258.5917358398437,260.240234375,265.0857674734933,256.4440633138021,5.303529671715431,-0.025196703995697067,1,0.026298995241013978
2026-04-22,272.9185791015625,273.48803128351057,266.62435952726383,267.5734973129919,43249200,265.9250183105469,269.98126220703125,266.18475341796875,258.96142578125,267.0796465192522,256.855019124349,5.2405639513039874,0.026298995241013978,2,0.0009516944880663125
2026-04-23,273.1783142089844,275.5161566987003,271.39995382845746,274.79681820267325,33399600,272.9185791015625,272.79864501953125,263.15753173828125,258.5917358398437,269.1634434291295,257.2752990722656,4.072974263833548,0.0009516944880663125,3,-0.008667702544387423
2026-04-24,270.8104858398437,272.80864483253174,269.4017800912603,272.50893317942314,38157100,273.1783142089844,265.9250183105469,269.98126220703125,266.18475341796875,269.8242623465402,257.7848297119141,3.879821713084851,-0.008667702544387423,4,-0.012727861582673916
2026-04-27,267.3636474609375,268.1129570778125,264.8260075108844,265.84505761361925,41466800,270.8104858398437,272.9185791015625,272.79864501953125,263.15753173828125,270.42513602120533,258.36729227701824,2.8693809888127277,-0.012727861582673916,0,0.011584102768505522
2026-04-28,270.4608154296875,272.97851539952296,268.4127145556596,272.0893199684016,40018900,267.3636474609375,273.1783142089844,265.9250183105469,269.98126220703125,270.493643624442,258.9630762736003,2.862734111798569,0.011584102768505522,1,-0.001994705758897819
2026-04-29,269.9213256835937,270.7905199823619,266.7942019267937,267.3037117460274,30047900,270.4608154296875,270.8104858398437,272.9185791015625,272.79864501953125,270.0825980050223,259.4939208984375,2.6771653682728336,-0.001994705758897819,2,0.004367659937803081
2026-04-30,271.1002502441406,275.7459641951834,267.893213328058,270.25102650288807,91848200,269.9213256835937,267.3636474609375,273.1783142089844,265.9250183105469,270.82191685267856,260.2069310506185,1.9547927046469031,0.004367659937803081,3,0.03239351812191993
2026-05-01,279.88214111328125,286.95561044034525,278.1137509144006,278.6032901046287,79915400,271.1002502441406,270.4608154296875,270.8104858398437,272.9185791015625,271.8167114257812,261.24530741373695,3.9516166412545393,0.03239351812191993,4,-0.011815603186417278
2026-05-04,276.5751647949219,280.3716851917065,274.60697695873915,279.4025768563376,46668400,279.88214111328125,269.9213256835937,267.3636474609375,273.1783142089844,272.30197579520086,262.2057551066081,4.3365153108246455,-0.011815603186417278,0,0.026550690927708454
2026-05-05,283.9184265136719,284.3080821831616,276.2455026895375,276.6750995896243,49311700,276.5751647949219,271.1002502441406,270.4608154296875,270.8104858398437,274.1745387486049,263.29441884358727,6.069103876089693,0.026550690927708454,1,0.011717924952267644
2026-05-06,287.245361328125,287.7648717000964,280.8112868075762,281.66051049385584,58336100,283.9184265136719,279.88214111328125,269.9213256835937,267.3636474609375,277.01478358677457,264.4889851888021,6.940141193811312,0.011717924952267644,2,-0.00024350711440246364
2026-05-07,287.1754150390625,291.8611003514943,285.5169394038565,289.00371711581823,45224300,287.245361328125,276.5751647949219,271.1002502441406,270.4608154296875,279.40258353097096,265.6485834757487,7.180600852653828,-0.00024350711440246364,3,0.020456497888878378
2026-05-08,293.0500183105469,294.4886952888782,289.7330669166447,289.7430674686918,52692800,287.1754150390625,283.9184265136719,279.88214111328125,269.9213256835937,282.70668247767856,266.99500986735023,7.408383858594239,0.020456497888878378,4,-0.0012626705737772692
2026-05-11,292.67999267578125,293.8800048828125,290.2300109863281,291.9800109863281,42247300,293.0500183105469,287.245361328125,276.5751647949219,271.1002502441406,285.7895028250558,268.465310160319,6.158139416443398,-0.0012626705737772692,0,0.007243389265544797
2026-05-12,294.79998779296875,295.2699890136719,292.5599975585937,292.5599975585937,45748100,292.67999267578125,287.1754150390625,283.9184265136719,279.88214111328125,287.9206237792969,270.0785435994466,6.3513288340069405,0.007243389265544797,1,0.013805995565634221
2026-05-13,298.8699951171875,300.9200134277344,293.5,293.5,52684300,294.79998779296875,293.0500183105469,287.245361328125,276.5751647949219,291.1055995396205,271.58899739583336,5.1993119211113425,0.013805995565634221,2,-0.00220833028705536
2026-05-14,298.2099914550781,300.45001220703125,295.3800048828125,299.82000732421875,35324900,298.8699951171875,292.67999267578125,287.1754150390625,283.9184265136719,293.14725167410717,273.0161738077799,4.687493840596467,-0.00220833028705536,3,0.0067738157309671365
2026-05-15,300.2300109863281,303.20001220703125,296.5199890136719,297.8999938964844,54862800,298.2099914550781,294.79998779296875,293.0500183105469,287.245361328125,295.00220162527904,274.5010264078776,4.529217842762019,0.0067738157309671365,4,-0.007960612067346995
2026-05-18,297.8399963378906,300.6600036621094,294.9100036621094,300.239990234375,34483000,300.2300109863281,298.8699951171875,292.67999267578125,287.1754150390625,296.5257132393973,275.8083028157552,2.9896979418059906,-0.007960612067346995,0,0.003793999787491842
2026-05-19,298.9700012207031,300.510009765625,296.3500061035156,296.9700012207031,42243600,297.8399963378906,298.2099914550781,294.79998779296875,293.0500183105469,297.37142508370533,277.3317474365234,2.6619933487060377,0.003793999787491842,1,0.0109709963070026
2026-05-20,302.25,302.79998779296875,298.0799865722656,298.17999267578125,38229800,298.9700012207031,300.2300109863281,298.8699951171875,292.67999267578125,298.7385689871652,278.7846913655599,2.2812507365381522,0.0109709963070026,2,0.009065310949131433
2026-05-21,304.989990234375,305.5400085449219,300.3999938964844,301.0599975585937,42965100,302.25,297.8399963378906,298.2099914550781,294.79998779296875,300.1942836216518,280.27601725260416,2.580656881658591,0.009065310949131433,3,0.012557845216167651
2026-05-22,308.82000732421875,311.3999938964844,305.8399963378906,306.1199951171875,43670200,304.989990234375,298.9700012207031,300.2300109863281,298.8699951171875,301.615713936942,281.8953430175781,4.05102579615121,0.012557845216167651,4,-0.001586751960143129
2026-05-26,308.3299865722656,311.82000732421875,307.6700134277344,309.5599975585937,48000500,308.82000732421875,302.25,297.8399963378906,298.2099914550781,303.0614275251116,283.54096171061195,4.421854003155732,-0.001586751960143129,1,0.008173125031610828
2026-05-27,310.8500061035156,313.260009765625,308.29998779296875,308.3299865722656,50430900,308.3299865722656,304.989990234375,298.9700012207031,300.2300109863281,304.5785696847098,285.28290405273435,5.06375603809739,0.008173125031610828,2,0.005340207912225559
2026-05-28,312.510009765625,312.79998779296875,309.57000732421875,310.67999267578125,48220400,310.8500061035156,308.82000732421875,302.25,297.8399963378906,306.6742858886719,286.8270792643229,4.840883828290759,0.005340207912225559,3,-0.001439992937726342
2026-05-29,312.0599975585937,315.0,309.5299987792969,311.7799987792969,70026800,312.510009765625,308.3299865722656,304.989990234375,298.9700012207031,308.5442853655134,288.45716145833336,3.7810170385924207,-0.001439992937726342,4,-0.018425943872925732
2026-06-01,306.3099975585937,310.94000244140625,305.0199890136719,309.6300048828125,48849900,312.0599975585937,310.8500061035156,308.82000732421875,302.25,309.12428501674106,289.6681193033854,2.851775927687285,-0.018425943872925732,0,0.02902293336585271
2026-06-02,315.20001220703125,315.45001220703125,306.69000244140625,307.4599914550781,44534700,306.3099975585937,312.510009765625,308.3299865722656,304.989990234375,310.5828595842634,291.0814982096354,2.9923721028248758,0.02902293336585271,1,-0.015672595971098935
2026-06-03,310.260009765625,316.94000244140625,308.8500061035156,314.17999267578125,50836700,315.20001220703125,312.0599975585937,310.8500061035156,308.82000732421875,310.78857421875,292.559331258138,2.8990256739504594,-0.015672595971098935,2,0.0031264139436979477
2026-06-04,311.2300109863281,313.5400085449219,309.6499938964844,313.2300109863281,44869100,310.260009765625,306.3099975585937,312.510009765625,308.3299865722656,311.20286342075894,293.8363789876302,2.688706738482226,0.0031264139436979477,3,-0.012498841728371679
2026-06-05,307.3399963378906,315.1700134277344,307.1499938964844,312.8599853515625,65310500,311.2300109863281,315.20001220703125,312.0599975585937,310.8500061035156,310.70143345424106,294.9751017252604,3.06627008181168,-0.012498841728371679,4,-0.01887156849768501
2026-06-08,301.5400085449219,317.3999938964844,301.1700134277344,308.739990234375,77949100,307.3399963378906,310.260009765625,306.3099975585937,312.510009765625,309.13429042271207,295.999419148763,4.469923012271209,-0.01887156849768501,0,-0.03644631040831148
2026-06-09,290.54998779296875,300.75,287.7799987792969,300.2799987792969,70108800,301.5400085449219,311.2300109863281,315.20001220703125,312.0599975585937,306.0614318847656,296.7722971598307,8.068463249416636,-0.03644631040831148,1,0.003544996808021894
2026-06-10,291.5799865722656,294.75,287.3800048828125,290.739990234375,52793300,290.54998779296875,307.3399963378906,310.260009765625,306.3099975585937,303.9571446010045,297.47626953125,9.740421738641992,0.003544996808021894,2,0.013889904990249002
2026-06-11,295.6300048828125,297.0,289.5899963378906,293.7200012207031,42572500,291.5799865722656,301.5400085449219,311.2300109863281,315.20001220703125,301.1614292689732,298.3332255045573,8.731951941338062,0.013889904990249002,3,-0.015221729613622226
2026-06-12,291.1300048828125,297.1400146484375,289.6199951171875,296.0299987792969,38742100,295.6300048828125,290.54998779296875,307.3399963378906,310.260009765625,298.42857142857144,299.000883992513,8.396900544896718,-0.015221729613622226,4,0.018170605764429082
2026-06-15,296.4200134277344,297.7799987792969,291.70001220703125,294.1199951171875,45732600,291.1300048828125,291.5799865722656,301.5400085449219,311.2300109863281,296.3128574916295,299.55214640299477,6.216528570624738,0.018170605764429082,0,0.009513449426140408
2026-06-16,299.239990234375,300.4800109863281,293.9700012207031,295.25,39874400,296.4200134277344,295.6300048828125,290.54998779296875,307.3399963378906,295.1557137625558,300.3076405843099,4.271393381305336,0.009513449426140408,1,-0.010994446379867018
2026-06-17,295.95001220703125,302.07000732421875,294.3599853515625,300.8500061035156,42745100,299.239990234375,291.1300048828125,291.5799865722656,301.5400085449219,294.35714285714283,300.7086934407552,3.2882743757453627,-0.010994446379867018,2,0.006960626705947437
2026-06-18,298.010009765625,300.57000732421875,295.6199951171875,298.1099853515625,85962200,295.95001220703125,296.4200134277344,295.6300048828125,290.54998779296875,295.422860281808,301.06751505533856,3.048912969810464,0.006960626705947437,3,-0.0033555919842641613
2026-06-22,297.010009765625,302.4200134277344,296.760009765625,297.3099975585937,44879900,298.010009765625,299.239990234375,291.1300048828125,291.5799865722656,296.1985778808594,301.3953348795573,2.5597663424295507,-0.0033555919842641613,0,-0.00912434558954689
2026-06-23,294.29998779296875,301.6400146484375,294.17999267578125,297.5400085449219,52010900,297.010009765625,295.95001220703125,296.4200134277344,295.6300048828125,296.0085754394531,301.43700052897134,2.6565354925967517,-0.00912434558954689,1,-0.004145434153267291
2026-06-24,293.0799865722656,299.70001220703125,292.94000244140625,295.3599853515625,53081900,294.29998779296875,298.010009765625,299.239990234375,291.1300048828125,296.28714425223217,301.45033365885416,2.1046006324747593,-0.004145434153267291,2,-0.06117781321571136
2026-06-25,275.1499938964844,288.79998779296875,273.75,287.3999938964844,107013700,293.0799865722656,297.010009765625,295.95001220703125,296.4200134277344,293.24857003348217,300.7953338623047,8.253352863099652,-0.06117781321571136,3,0.03136472859984596
2026-06-26,283.7799987792969,285.95001220703125,274.2099914550781,275.0,261775500,275.1499938964844,294.29998779296875,298.010009765625,299.239990234375,291.03999982561385,300.292333984375,8.44905566643742,0.03136472859984596,4,-0.007188697419469814
2026-06-29,281.739990234375,288.3699951171875,279.8500061035156,286.7300109863281,66427000,283.7799987792969,293.0799865722656,297.010009765625,295.95001220703125,289.00999668666293,299.7433339436849,8.773585522557317,-0.007188697419469814,0,0.02704619642688466
2026-06-30,289.3599853515625,289.94000244140625,280.70001220703125,281.1700134277344,65100200,281.739990234375,275.1499938964844,294.29998779296875,298.010009765625,287.77427891322543,299.38099975585936,7.855869199359933,0.02704619642688466,1,0.017348699838890536
2026-07-01,294.3800048828125,296.5899963378906,289.20001220703125,293.44000244140625,50164200,289.3599853515625,283.7799987792969,293.0799865722656,297.010009765625,287.39856392996654,299.2656667073568,7.389596789084733,0.017348699838890536,2,0.0484068203126522
2026-07-02,308.6300048828125,309.4200134277344,293.67999267578125,294.1199951171875,75352800,294.3800048828125,281.739990234375,275.1499938964844,294.29998779296875,289.4457092285156,299.58766682942706,10.81238218213474,0.0484068203126522,3,0.01305770247720095
2026-07-06,312.6600036621094,314.20001220703125,307.0,307.3599853515625,53590000,308.6300048828125,289.3599853515625,283.7799987792969,293.0799865722656,292.2428545270647,299.9346669514974,13.978393995765861,0.01305770247720095,0,-0.006396724801939757
2026-07-07,310.6600036621094,315.4800109863281,310.1499938964844,315.2900085449219,42490000,312.6600036621094,294.3800048828125,281.739990234375,275.1499938964844,297.31571306501115,300.12366739908856,13.1609348307094,-0.006396724801939757,1,0.008787777487112347
2026-07-08,313.3900146484375,314.82000732421875,307.04998779296875,311.9100036621094,41323500,310.6600036621094,308.6300048828125,289.3599853515625,283.7799987792969,301.54571533203125,300.2760009765625,12.839901412047201,0.008787777487112347,2,0.009030238488741738
2026-07-09,316.2200012207031,316.5299987792969,308.1600036621094,310.510009765625,48124500,313.3900146484375,312.6600036621094,294.3800048828125,281.739990234375,306.47143118722096,300.53900146484375,10.347363533147,0.009030238488741738,3,-0.0028461004775477416
2026-07-10,315.32000732421875,316.9100036621094,312.1700134277344,314.7200012207031,34132300,316.2200012207031,310.6600036621094,308.6300048828125,289.3599853515625,310.1800057547433,300.68800150553386,7.434476403083664,-0.0028461004775477416,4,0.0063110179758709695
2026-07-13,317.3099975585937,323.45001220703125,315.7799987792969,317.0199890136719,43257800,315.32000732421875,313.3900146484375,312.6600036621094,294.3800048828125,313.4557189941406,300.84800109863284,3.1014327686477694,0.0063110179758709695,0,-0.0077211944971219415
2026-07-14,314.8599853515625,316.19000244140625,311.9100036621094,313.760009765625,36336800,317.3099975585937,316.2200012207031,310.6600036621094,308.6300048828125,314.34571620396207,300.9413340250651,2.267638029409149,-0.0077211944971219415,1,0.040144874663333496
2026-07-15,327.5,328.7300109863281,317.32000732421875,317.6199951171875,60957600,314.8599853515625,315.32000732421875,313.3900146484375,312.6600036621094,316.46571568080356,301.6476674397787,5.316418975444812,0.040144874663333496,2,0.017587816078244334
